,Year,country,language,production_co,runtime,budget,gross_usa,director_0,director_1,rating,star_0,star_1,star_2,star_3,writer_0,writer_1,writer_2,review_count,title,open_week,cumulative,mpaa_rating,Adventure,Animation,Biography,Comedy,Crime,Drama,Film-Noir,Horror,Mystery,Western,Action,Family,Fantasy,History,Music,Musical,Romance,Sci-Fi,Sport,Thriller,War
0,2019,USA,English, Tribeca Productions,209.0,159000000.0,0.0,Martin Scorsese,0,82.0,Robert De Niro,Al Pacino,Joe Pesci,,Charles Brandt,Steven Zaillian,0,122981.0,The Irishman,0.0,885600.0,   R,0,0,1,0,1,1,0,0,0,0,0,0,0,0,0,0,0,0,0,0,0
1,2019,USA,English, BRON Studios,122.0,55000000.0,332570374.0,Todd Phillips,0,87.0,Joaquin Phoenix,Robert De Niro,Zazie Beetz,,Todd Phillips,Scott Silver,,516011.0,Joker,9620233762019.0,1057270374.0,   R,0,0,0,0,1,1,0,0,0,0,0,0,0,0,0,0,0,0,0,1,0
2,2019,USA,English, Chernin Entertainment,152.0,97600000.0,94104794.0,James Mangold,0,83.0,Matt Damon,Christian Bale,Jon Bernthal,,Jez Butterworth,John-Henry Butterworth,,56880.0,Ford v Ferrari,31474958172019.0,171368062.0,PG-13,0,0,1,0,0,1,0,0,0,0,0,0,0,0,0,0,0,0,1,0,0
3,2019,UK,English, Heyday Films,136.0,18600000.0,0.0,Noah Baumbach,0,83.0,Adam Driver,Scarlett Johansson,Julia Greer,,Noah Baumbach,0,0,39089.0,Marriage Story,0.0,232737.0,   R,0,0,0,1,0,1,0,0,0,0,0,0,0,0,0,0,1,0,0,0,0
4,2019,South Korea,Korean, Barunson E&A,132.0,0.0,19717719.0,Bong Joon Ho,0,86.0,Kang-ho Song,Sun-kyun Lee,Yeo-jeong Jo,,Bong Joon Ho,Bong Joon Ho,,96547.0,Parasite,393216132019.0,120742113.0,   R,0,0,0,1,0,1,0,0,0,0,0,0,0,0,0,0,0,0,0,1,0
5,2019,USA,English, Marvel Studios,181.0,356000000.0,858373000.0,Anthony Russo,Joe Russo,85.0,Robert Downey Jr.,Chris Evans,Mark Ruffalo,,Christopher Markus,Stephen McFeely,,618054.0,Avengers: Endgame,357115007282019.0,2797800564.0,PG-13,1,0,0,0,0,1,0,0,0,0,0,0,0,0,0,0,0,1,0,0,0
6,1990,USA,English, Warner Bros.,146.0,25000000.0,46836214.0,Martin Scorsese,0,87.0,Robert De Niro,Ray Liotta,Joe Pesci,,Nicholas Pileggi,Nicholas Pileggi,,939814.0,Goodfellas,6368901231990.0,46879633.0,   R,0,0,1,0,1,1,0,0,0,0,0,0,0,0,0,0,0,0,0,0,0
7,1972,USA,English, Paramount Pictures,175.0,6000000.0,134966411.0,Francis Ford Coppola,0,92.0,Marlon Brando,Al Pacino,James Caan,,Mario Puzo,Francis Ford Coppola,,1488628.0,The Godfather,302393191972.0,246120974.0,   R,0,0,0,0,1,1,0,0,0,0,0,0,0,0,0,0,0,0,0,0,0
8,1947,USA,English, Liberty Films (II),130.0,3180000.0,0.0,Frank Capra,0,86.0,James Stewart,Donna Reed,Lionel Barrymore,,Frances Goodrich,Albert Hackett,,368560.0,It's a Wonderful Life,0.0,5049416.0,Not Rated,0,0,0,0,0,1,0,0,0,0,0,1,1,0,0,0,0,0,0,0,0
9,1988,USA,English, Twentieth Century Fox,132.0,28000000.0,83519093.0,John McTiernan,0,82.0,Bruce Willis,Alan Rickman,Bonnie Bedelia,,Roderick Thorp,Jeb Stuart,,737725.0,Die Hard,601851171988.0,141482154.0,   R,0,0,0,0,0,0,0,0,0,0,0,0,0,0,0,0,0,0,0,1,0
10,1976,USA,English, Columbia Pictures,114.0,1300000.0,28262574.0,Martin Scorsese,0,83.0,Robert De Niro,Jodie Foster,Cybill Shepherd,,Paul Schrader,0,0,665112.0,Taxi Driver,116458191996.0,28441292.0,   R,0,0,0,0,1,1,0,0,0,0,0,0,0,0,0,0,0,0,0,0,0
11,1977,USA,English, Lucasfilm,121.0,11000000.0,460998507.0,George Lucas,0,86.0,Mark Hamill,Harrison Ford,Carrie Fisher,,George Lucas,0,0,1151917.0,Star Wars: Episode IV - A New Hope,1554475301977.0,775512064.0,   PG,1,0,0,0,0,0,0,0,0,0,0,0,1,0,0,0,0,1,0,0,0
12,2013,USA,English, Red Granite Pictures,180.0,100000000.0,116900694.0,Martin Scorsese,0,82.0,Leonardo DiCaprio,Jonah Hill,Margot Robbie,,Terence Winter,Jordan Belfort,0,1074470.0,The Wolf of Wall Street,18361578292013.0,392000694.0,   R,0,0,1,0,1,1,0,0,0,0,0,0,0,0,0,0,0,0,0,0,0
13,1995,USA,English, Universal Pictures,178.0,52000000.0,42512375.0,Martin Scorsese,0,82.0,Robert De Niro,Sharon Stone,Joe Pesci,,Nicholas Pileggi,Nicholas Pileggi,,428529.0,Casino,9946480261995.0,116112375.0,   R,0,0,0,0,1,1,0,0,0,0,0,0,0,0,0,0,0,0,0,0,0
14,1994,USA,English, Castle Rock Entertainment,142.0,25000000.0,28699976.0,Frank Darabont,0,93.0,Tim Robbins,Morgan Freeman,Bob Gunton,,Stephen King,Frank Darabont,0,2167336.0,The Shawshank Redemption,727327251994.0,28783573.0,   R,0,0,0,0,0,1,0,0,0,0,0,0,0,0,0,0,0,0,0,0,0
15,2008,USA,English, Warner Bros.,152.0,185000000.0,535234033.0,Christopher Nolan,0,90.0,Christian Bale,Heath Ledger,Aaron Eckhart,,Jonathan Nolan,Christopher Nolan,,2143316.0,The Dark Knight,158411483202008.0,1004934033.0,PG-13,0,0,0,0,1,1,0,0,0,0,0,0,0,0,0,0,0,0,0,1,0
16,1980,UK,English, Warner Bros.,144.0,19000000.0,44781695.0,Stanley Kubrick,0,84.0,Jack Nicholson,Shelley Duvall,Danny Lloyd,,Stephen King,Stanley Kubrick,,821794.0,The Shining,622337261980.0,45655744.0,   R,0,0,0,0,0,1,0,1,0,0,0,0,0,0,0,0,0,0,0,0,0
17,1974,USA,English, Paramount Pictures,202.0,13000000.0,47834595.0,Francis Ford Coppola,0,90.0,Al Pacino,Robert De Niro,Robert Duvall,,Francis Ford Coppola,Mario Puzo,,1037381.0,The Godfather: Part II,171417102019.0,48020957.0,   R,0,0,0,0,1,1,0,0,0,0,0,0,0,0,0,0,0,0,0,0,0
18,2014,USA,English, Paramount Pictures,169.0,165000000.0,188020017.0,Christopher Nolan,0,86.0,Matthew McConaughey,Anne Hathaway,Jessica Chastain,,Jonathan Nolan,Christopher Nolan,0,1354598.0,Interstellar,4751036092014.0,677471339.0,PG-13,1,0,0,0,0,1,0,0,0,0,0,0,0,0,0,0,0,1,0,0,0
19,1983,USA,English, Lucasfilm,131.0,32500000.0,309306177.0,Richard Marquand,0,83.0,Mark Hamill,Harrison Ford,Carrie Fisher,,Lawrence Kasdan,George Lucas,,886463.0,Star Wars: Episode VI - Return of the Jedi,23019618291983.0,475347111.0,   PG,1,0,0,0,0,0,0,0,0,0,0,0,1,0,0,0,0,1,0,0,0
20,1994,USA,English, Miramax,154.0,8000000.0,107928762.0,Quentin Tarantino,0,89.0,John Travolta,Uma Thurman,Samuel L. Jackson,,Quentin Tarantino,Roger Avary,,1701694.0,Pulp Fiction,9311882161994.0,214179088.0,   R,0,0,0,0,1,1,0,0,0,0,0,0,0,0,0,0,0,0,0,0,0
21,2006,USA,English, Warner Bros.,151.0,90000000.0,132384315.0,Martin Scorsese,0,85.0,Leonardo DiCaprio,Matt Damon,Jack Nicholson,,William Monahan,Alan Mak,,1108171.0,The Departed,2688746782006.0,291465034.0,   R,0,0,0,0,1,1,0,0,0,0,0,0,0,0,0,0,0,0,0,1,0
22,2011,USA,English, Warner Bros.,130.0,125000000.0,381409310.0,David Yates,0,81.0,Daniel Radcliffe,Emma Watson,Rupert Grint,,Steve Kloves,J.K. Rowling,0,710682.0,Harry Potter and the Deathly Hallows: Part 2,169189427172011.0,1341932398.0,PG-13,1,0,0,0,0,1,0,0,1,0,0,0,1,0,0,0,0,0,0,0,0
23,2001,New Zealand,English, New Line Cinema,178.0,93000000.0,315544750.0,Peter Jackson,0,88.0,Elijah Wood,Ian McKellen,Orlando Bloom,,J.R.R. Tolkien,Fran Walsh,,1553921.0,The Lord of the Rings: The Fellowship of the Ring,47211490232001.0,872491916.0,PG-13,1,0,0,0,0,1,0,0,0,0,0,0,1,0,0,0,0,0,0,0,0
24,1999,USA,English, Warner Bros.,136.0,63000000.0,171479930.0,Lana Wachowski,Lilly Wachowski,87.0,Keanu Reeves,Laurence Fishburne,Carrie-Anne Moss,,Lilly Wachowski,Lana Wachowski,0,1560300.0,The Matrix,2778833141999.0,465343787.0,   R,0,0,0,0,0,0,0,0,0,0,0,0,0,0,0,0,0,1,0,0,0
25,1980,USA,English, Lucasfilm,124.0,18000000.0,290271960.0,Irvin Kershner,0,87.0,Mark Hamill,Harrison Ford,Carrie Fisher,,Leigh Brackett,Lawrence Kasdan,,1083199.0,Star Wars: Episode V - The Empire Strikes Back,4910483251980.0,547879454.0,   PG,1,0,0,0,0,0,0,0,0,0,0,0,1,0,0,0,0,1,0,0,0
26,2018,USA,English, Marvel Studios,149.0,321000000.0,678815482.0,Anthony Russo,Joe Russo,85.0,Robert Downey Jr.,Chris Hemsworth,Mark Ruffalo,,Christopher Markus,Stephen McFeely,,730792.0,Avengers: Infinity War,257698183292018.0,2048359754.0,PG-13,1,0,0,0,0,0,0,0,0,0,0,0,0,0,0,0,0,1,0,0,0
27,1980,USA,English, Chartoff-Winkler Productions,129.0,18000000.0,23383987.0,Martin Scorsese,0,82.0,Robert De Niro,Cathy Moriarty,Joe Pesci,,Jake LaMotta,Joseph Carter,,298407.0,Raging Bull,128590161980.0,23402117.0,   R,0,0,1,0,0,1,0,0,0,0,0,0,0,0,0,0,0,0,1,0,0
28,2012,UK,English, Warner Bros.,164.0,250000000.0,448139099.0,Christopher Nolan,0,84.0,Christian Bale,Tom Hardy,Anne Hathaway,,Jonathan Nolan,Christopher Nolan,,1425908.0,The Dark Knight Rises,160887295222012.0,1081041287.0,PG-13,0,0,0,0,0,0,0,0,0,0,0,0,0,0,0,0,0,0,0,1,0
29,2010,USA,English, Warner Bros.,148.0,160000000.0,292576195.0,Christopher Nolan,0,88.0,Leonardo DiCaprio,Joseph Gordon-Levitt,Ellen Page,,Christopher Nolan,0,0,1899778.0,Inception,62785337182010.0,829895144.0,PG-13,1,0,0,0,0,0,0,0,0,0,0,0,0,0,0,0,0,1,0,1,0
30,1979,USA,English, Zoetrope,147.0,31500000.0,83471511.0,Francis Ford Coppola,0,84.0,Martin Sheen,Marlon Brando,Robert Duvall,,John Milius,Francis Ford Coppola,,565405.0,Apocalypse Now,118558191979.0,91908843.0,   R,0,0,0,0,0,1,0,0,1,0,0,0,0,0,0,0,0,0,0,0,1
31,1994,USA,English, Walt Disney Pictures,88.0,45000000.0,422783777.0,Roger Allers,Rob Minkoff,85.0,Matthew Broderick,Jeremy Irons,James Earl Jones,,Irene Mecchi,Jonathan Roberts,,875445.0,The Lion King,1586753191994.0,968511805.0,   G,1,1,0,0,0,1,0,0,0,0,0,1,0,0,0,0,0,0,0,0,0
32,2014,USA,English, Marvel Studios,121.0,170000000.0,333176600.0,James Gunn,0,80.0,Chris Pratt,Vin Diesel,Bradley Cooper,,James Gunn,Nicole Perlman,,984832.0,Guardians of the Galaxy,9432088332014.0,772776600.0,PG-13,1,0,0,1,0,0,0,0,0,0,0,0,0,0,0,0,0,1,0,0,0
33,2018,USA,English, Sony Pictures Entertainment (SPE),117.0,90000000.0,190241310.0,Bob Persichetti,Peter Ramsey,84.0,Shameik Moore,Jake Johnson,Hailee Steinfeld,,Phil Lord,Rodney Rothman,,280853.0,Spider-Man: Into the Spider-Verse,35363376162018.0,375540831.0,   PG,1,1,0,0,0,0,0,0,0,0,1,1,0,0,0,0,0,0,0,0,0
34,2000,USA,English, DreamWorks,155.0,103000000.0,187705427.0,Ridley Scott,0,85.0,Russell Crowe,Joaquin Phoenix,Connie Nielsen,,David Franzoni,David Franzoni,,1251016.0,Gladiator,3481901772000.0,460583960.0,   R,1,0,0,0,0,1,0,0,0,0,0,0,0,0,0,0,0,0,0,0,0
35,2009,Germany,English, Universal Pictures,153.0,70000000.0,120540719.0,Quentin Tarantino,0,83.0,Brad Pitt,Diane Kruger,Eli Roth,,Quentin Tarantino,0,0,1166801.0,Inglourious Basterds,38054676232009.0,321455689.0,   R,1,0,0,0,0,1,0,0,0,0,0,0,0,0,0,0,0,0,0,0,1
36,2018,USA,English, Participant,130.0,23000000.0,85080171.0,Peter Farrelly,0,82.0,Viggo Mortensen,Mahershala Ali,Linda Cardellini,,Nick Vallelonga,Brian Hayes Currie,,266339.0,Green Book,320429182018.0,321752656.0,PG-13,0,0,1,1,0,1,0,0,0,0,0,0,0,0,1,0,0,0,0,0,0
37,1995,USA,English, Cecchi Gori Pictures,127.0,33000000.0,100125643.0,David Fincher,0,86.0,Morgan Freeman,Brad Pitt,Kevin Spacey,,Andrew Kevin Walker,0,0,1332691.0,Se7en,13949807241995.0,327311859.0,   R,0,0,0,0,1,1,0,0,1,0,0,0,0,0,0,0,0,0,0,1,0
38,2015,Australia,English, Warner Bros.,120.0,150000000.0,154058340.0,George Miller,0,81.0,Tom Hardy,Charlize Theron,Nicholas Hoult,,George Miller,Brendan McCarthy,,808732.0,Mad Max: Fury Road,45428128172015.0,375209362.0,   R,1,0,0,0,0,0,0,0,0,0,0,0,0,0,0,0,0,1,0,1,0
39,1995,USA,English, Warner Bros.,170.0,60000000.0,67436818.0,Michael Mann,0,82.0,Al Pacino,Robert De Niro,Val Kilmer,,Michael Mann,0,0,537832.0,Heat,8445656171995.0,187436818.0,   R,0,0,0,0,1,1,0,0,0,0,0,0,0,0,0,0,0,0,0,1,0
40,1999,USA,English, Fox 2000 Pictures,139.0,63000000.0,37030102.0,David Fincher,0,88.0,Brad Pitt,Edward Norton,Meat Loaf,,Chuck Palahniuk,Jim Uhls,0,1731549.0,Fight Club,11035485171999.0,101187503.0,   R,0,0,0,0,0,1,0,0,0,0,0,0,0,0,0,0,0,0,0,0,0
41,1994,USA,English, Paramount Pictures,142.0,55000000.0,330455270.0,Robert Zemeckis,0,88.0,Tom Hanks,Robin Wright,Gary Sinise,,Winston Groom,Eric Roth,0,1669228.0,Forrest Gump,24450602101994.0,678151134.0,PG-13,0,0,0,0,0,1,0,0,0,0,0,0,0,0,0,0,1,0,0,0,0
42,1994,USA,English, Universal Pictures,195.0,22000000.0,96898818.0,Steven Spielberg,0,89.0,Liam Neeson,Ralph Fiennes,Ben Kingsley,,Thomas Keneally,Steven Zaillian,0,1125457.0,Schindler's List,656636191993.0,322243445.0,   R,0,0,1,0,0,1,0,0,0,0,0,0,0,1,0,0,0,0,0,0,0
43,1984,USA,English, The Ladd Company,229.0,30000000.0,5321508.0,Sergio Leone,0,84.0,Robert De Niro,James Woods,Elizabeth McGovern,,Harry Grey,Leonardo Benvenuti,,287221.0,Once Upon a Time in America,241201431984.0,5472914.0,   R,0,0,0,0,1,1,0,0,0,0,0,0,0,0,0,0,0,0,0,0,0
44,1994,France,English, Gaumont,110.0,115000000.0,19501238.0,Luc Besson,0,85.0,Jean Reno,Gary Oldman,Natalie Portman,,Luc Besson,0,0,959312.0,Léon: The Professional,5306558201994.0,19501238.0,   R,0,0,0,0,1,1,0,0,0,0,0,0,0,0,0,0,0,0,0,1,0
45,1991,USA,English, Strong Heart/Demme Production,118.0,19000000.0,130742922.0,Jonathan Demme,0,86.0,Jodie Foster,Anthony Hopkins,Lawrence A. Bonney,,Thomas Harris,Ted Tally,0,1174452.0,The Silence of the Lambs,13766814181991.0,272753884.0,   R,0,0,0,0,1,1,0,0,0,0,0,0,0,0,0,0,0,0,0,1,0
46,2014,USA,English, Twentieth Century Fox,149.0,61000000.0,167767189.0,David Fincher,0,81.0,Ben Affleck,Rosamund Pike,Neil Patrick Harris,,Gillian Flynn,Gillian Flynn,0,787590.0,Gone Girl,3751310952014.0,369330363.0,   R,0,0,0,0,0,1,0,0,1,0,0,0,0,0,0,0,0,0,0,1,0
47,2005,USA,English, Warner Bros.,140.0,150000000.0,206852432.0,Christopher Nolan,0,82.0,Christian Bale,Michael Caine,Ken Watanabe,,Bob Kane,David S. Goyer,,1228875.0,Batman Begins,48745440192005.0,373413297.0,PG-13,1,0,0,0,0,0,0,0,0,0,0,0,0,0,0,0,0,0,0,0,0
48,1998,USA,English, Be Gentlemen Limited Partnership,126.0,10000000.0,138433435.0,Gus Van Sant,0,83.0,Robin Williams,Matt Damon,Ben Affleck,,Matt Damon,Ben Affleck,0,793373.0,Good Will Hunting,27291271997.0,225933435.0,   R,0,0,0,0,0,1,0,0,0,0,0,0,0,0,0,0,1,0,0,0,0
49,1983,USA,English, Universal Pictures,170.0,25000000.0,45408703.0,Brian De Palma,0,83.0,Al Pacino,Michelle Pfeiffer,Steven Bauer,,Oliver Stone,0,0,685138.0,Scarface,4597536111983.0,66023329.0,   R,0,0,0,0,1,1,0,0,0,0,0,0,0,0,0,0,0,0,0,0,0
50,2017,USA,English, Twentieth Century Fox,137.0,97000000.0,226277068.0,James Mangold,0,81.0,Hugh Jackman,Patrick Stewart,Dafne Keen,,James Mangold,Scott Frank,,589364.0,Logan,8841191652017.0,619021436.0,   R,0,0,0,0,0,1,0,0,0,0,0,0,0,0,0,0,0,1,0,1,0
51,2012,USA,English, The Weinstein Company,165.0,100000000.0,162805434.0,Quentin Tarantino,0,84.0,Jamie Foxx,Christoph Waltz,Leonardo DiCaprio,,Quentin Tarantino,0,0,1254053.0,Django Unchained,30122888302012.0,425368238.0,   R,0,0,0,0,0,1,0,0,0,1,0,0,0,0,0,0,0,0,0,0,0
52,1985,USA,English, Universal Pictures,116.0,19000000.0,211159762.0,Robert Zemeckis,0,85.0,Michael J. Fox,Christopher Lloyd,Lea Thompson,,Robert Zemeckis,Bob Gale,0,969192.0,Back to the Future,1115250071985.0,388355305.0,   PG,1,0,0,1,0,0,0,0,0,0,0,0,0,0,0,0,0,1,0,0,0
53,2003,New Zealand,English, New Line Cinema,201.0,94000000.0,377845905.0,Peter Jackson,0,89.0,Elijah Wood,Viggo Mortensen,Ian McKellen,,J.R.R. Tolkien,Fran Walsh,,1539143.0,The Lord of the Rings: The Return of the King,72629713212003.0,1120424614.0,PG-13,1,0,0,0,0,1,0,0,0,0,0,0,1,0,0,0,0,0,0,0,0
54,1986,USA,English, Columbia Pictures,89.0,8000000.0,52287414.0,Rob Reiner,0,81.0,Wil Wheaton,River Phoenix,Corey Feldman,,Stephen King,Raynold Gideon,,342083.0,Stand by Me,242795101986.0,52287414.0,   R,1,0,0,0,0,1,0,0,0,0,0,0,0,0,0,0,0,0,0,0,0
55,1969,Italy,Italian, Rafran Cinematografica,165.0,5000000.0,0.0,Sergio Leone,0,85.0,Henry Fonda,Charles Bronson,Claudia Cardinale,,Sergio Donati,Sergio Leone,,280508.0,Once Upon a Time in the West,0.0,112229.0,PG-13,0,0,0,0,0,0,0,0,0,1,0,0,0,0,0,0,0,0,0,0,0
56,2010,USA,English, Paramount Pictures,138.0,80000000.0,128012934.0,Martin Scorsese,0,81.0,Leonardo DiCaprio,Emily Mortimer,Mark Ruffalo,,Laeta Kalogridis,Dennis Lehane,0,1040388.0,Shutter Island,41062440212010.0,294804195.0,   R,0,0,0,0,0,0,0,0,1,0,0,0,0,0,0,0,0,0,0,1,0
57,1999,USA,English, Castle Rock Entertainment,189.0,60000000.0,136801374.0,Frank Darabont,0,86.0,Tom Hanks,Michael Clarke Duncan,David Morse,,Stephen King,Frank Darabont,0,1054697.0,The Green Mile,18017152121999.0,286801374.0,   R,0,0,0,0,1,1,0,0,1,0,0,0,1,0,0,0,0,0,0,0,0
58,1998,USA,English, New Line Cinema,119.0,20000000.0,6719864.0,Tony Kaye,0,85.0,Edward Norton,Edward Furlong,Beverly D'Angelo,,David McKenna,0,0,977045.0,American History X,15607611998.0,23875127.0,   R,0,0,0,0,0,1,0,0,0,0,0,0,0,0,0,0,0,0,0,0,0
59,2000,USA,English, Artisan Entertainment,102.0,4500000.0,3635482.0,Darren Aronofsky,0,83.0,Ellen Burstyn,Jared Leto,Jennifer Connelly,,Hubert Selby Jr.,Hubert Selby Jr.,,718869.0,Requiem for a Dream,6477082000.0,7390108.0,   R,0,0,0,0,0,1,0,0,0,0,0,0,0,0,0,0,0,0,0,0,0
60,1993,USA,English, Universal Pictures,127.0,63000000.0,402828120.0,Steven Spielberg,0,81.0,Sam Neill,Laura Dern,Jeff Goldblum,,Michael Crichton,Michael Crichton,,805206.0,Jurassic Park,47026828131993.0,1030314141.0,PG-13,1,0,0,0,0,0,0,0,0,0,0,0,0,0,0,0,0,1,0,1,0
61,2017,USA,English, Walt Disney Pictures,0.0,175000000.0,209726015.0,Lee Unkrich,Adrian Molina,84.0,Anthony Gonzalez,Gael García Bernal,Benjamin Bratt,,Lee Unkrich,Jason Katz,,309536.0,Coco,50802605262017.0,807082196.0,   PG,1,1,0,0,0,0,0,0,0,0,0,1,1,0,0,0,0,0,0,0,0
62,2014,USA,English, Bold Films,106.0,3300000.0,13092000.0,Damien Chazelle,0,85.0,Miles Teller,J.K. Simmons,Melissa Benoist,,Damien Chazelle,0,0,645554.0,Whiplash,135388122014.0,48982041.0,   R,0,0,0,0,0,1,0,0,0,0,0,0,0,0,1,0,0,0,0,0,0
63,1979,USA,English, EMI Films,183.0,15000000.0,48979328.0,Michael Cimino,0,81.0,Robert De Niro,Christopher Walken,John Cazale,,Michael Cimino,Deric Washburn,,291630.0,The Deer Hunter,0.0,49074243.0,   R,0,0,0,0,0,1,0,0,0,0,0,0,0,0,0,0,0,0,0,0,1
64,1987,UK,English, Natant,116.0,30000000.0,46357676.0,Stanley Kubrick,0,83.0,Matthew Modine,R. Lee Ermey,Vincent D'Onofrio,,Stanley Kubrick,Michael Herr,,629100.0,Full Metal Jacket,2217307281987.0,46357676.0,   R,0,0,0,0,0,1,0,0,0,0,0,0,0,0,0,0,0,0,0,0,1
65,1999,USA,English, DreamWorks,122.0,15000000.0,130096601.0,Sam Mendes,0,83.0,Kevin Spacey,Annette Bening,Thora Birch,,Alan Ball,0,0,1012098.0,American Beauty,861531191999.0,356296601.0,   R,0,0,0,0,0,1,0,0,0,0,0,0,0,0,0,0,0,0,0,0,0
66,1982,USA,English, The Ladd Company,117.0,28000000.0,32868943.0,Ridley Scott,0,81.0,Harrison Ford,Rutger Hauer,Sean Young,,Hampton Fancher,David Webb Peoples,,647470.0,Blade Runner,6150002271982.0,41706896.0,   R,0,0,0,0,0,0,0,0,0,0,0,0,0,0,0,0,0,1,0,1,0
67,1979,UK,English, Brandywine Productions,117.0,11000000.0,81765459.0,Ridley Scott,0,84.0,Sigourney Weaver,Tom Skerritt,John Hurt,,Dan O'Bannon,Dan O'Bannon,,736024.0,Alien,3527881281979.0,106497869.0,   R,0,0,0,0,0,0,0,1,0,0,0,0,0,0,0,0,0,1,0,0,0
68,1992,USA,English, Live Entertainment,99.0,1200000.0,2832029.0,Quentin Tarantino,0,83.0,Harvey Keitel,Tim Roth,Michael Madsen,,Quentin Tarantino,Quentin Tarantino,,856931.0,Reservoir Dogs,147839251992.0,2859750.0,   R,0,0,0,0,1,1,0,0,0,0,0,0,0,0,0,0,0,0,0,1,0
69,2002,USA,English, DreamWorks,141.0,52000000.0,164615351.0,Steven Spielberg,0,81.0,Leonardo DiCaprio,Tom Hanks,Christopher Walken,,Jeff Nathanson,Frank Abagnale Jr.,,748717.0,Catch Me If You Can,30053627292002.0,352114312.0,PG-13,0,0,1,0,1,1,0,0,0,0,0,0,0,0,0,0,0,0,0,0,0
70,1998,USA,English, Polygram Filmed Entertainment,117.0,15000000.0,18034458.0,Joel Coen,Ethan Coen,81.0,Jeff Bridges,John Goodman,Julianne Moore,,Ethan Coen,Joel Coen,0,681551.0,The Big Lebowski,553384481998.0,46735469.0,   R,0,0,0,1,1,0,0,0,0,0,0,0,0,0,0,0,0,0,1,0,0
71,2001,UK,English, Columbia Pictures,104.0,6000000.0,30328156.0,Guy Ritchie,0,83.0,Jason Statham,Brad Pitt,Benicio Del Toro,,Guy Ritchie,0,0,736749.0,Snatch,27932102000.0,83557872.0,   R,0,0,0,1,1,0,0,0,0,0,0,0,0,0,0,0,0,0,0,0,0
72,2006,USA,English, Touchstone Pictures,130.0,40000000.0,53089891.0,Christopher Nolan,0,85.0,Christian Bale,Hugh Jackman,Scarlett Johansson,,Jonathan Nolan,Christopher Nolan,,1099093.0,The Prestige,14801808222006.0,109676311.0,PG-13,0,0,0,0,0,1,0,0,1,0,0,0,0,0,0,0,0,1,0,1,0
73,1991,USA,English, Carolco Pictures,137.0,102000000.0,205881154.0,James Cameron,0,85.0,Arnold Schwarzenegger,Linda Hamilton,Edward Furlong,,James Cameron,William Wisher,0,938256.0,Terminator 2: Judgment Day,3176550671991.0,520884847.0,   R,0,0,0,0,0,0,0,0,0,0,0,0,0,0,0,0,0,1,0,0,0
74,1998,USA,English, DreamWorks,169.0,70000000.0,217049603.0,Steven Spielberg,0,86.0,Tom Hanks,Matt Damon,Tom Sizemore,,Robert Rodat,0,0,1148146.0,Saving Private Ryan,30576104261998.0,482349603.0,   R,0,0,0,0,0,1,0,0,0,0,0,0,0,0,0,0,0,0,0,0,1
75,2017,UK,English, Blueprint Pictures,115.0,15000000.0,54513740.0,Martin McDonagh,0,82.0,Frances McDormand,Woody Harrelson,Sam Rockwell,,Martin McDonagh,0,0,371002.0,"Three Billboards Outside Ebbing, Missouri",322168122017.0,159210164.0,   R,0,0,0,1,1,1,0,0,0,0,0,0,0,0,0,0,0,0,0,0,0
76,1984,UK,English, Hemdale,107.0,6400000.0,38371200.0,James Cameron,0,80.0,Arnold Schwarzenegger,Linda Hamilton,Michael Biehn,,James Cameron,Gale Anne Hurd,,754451.0,The Terminator,4020663281984.0,78475971.0,   R,0,0,0,0,0,0,0,0,0,0,0,0,0,0,0,0,0,1,0,0,0
77,1972,UK,English, Warner Bros.,136.0,2200000.0,26589355.0,Stanley Kubrick,0,83.0,Malcolm McDowell,Patrick Magee,Michael Bates,,Stanley Kubrick,Anthony Burgess,0,709843.0,A Clockwork Orange,0.0,26903440.0,   R,0,0,0,0,1,1,0,0,0,0,0,0,0,0,0,0,0,1,0,0,0
78,2016,Australia,English, Cross Creek Pictures,139.0,40000000.0,67209615.0,Mel Gibson,0,81.0,Andrew Garfield,Sam Worthington,Luke Bracey,,Robert Schenkkan,Andrew Knight,0,386577.0,Hacksaw Ridge,1519075862016.0,175302354.0,   R,0,0,1,0,0,1,0,0,0,0,0,0,0,1,0,0,0,0,0,0,1
79,1975,USA,English, Fantasy Films,133.0,3000000.0,108981275.0,Milos Forman,0,87.0,Jack Nicholson,Louise Fletcher,Will Sampson,,Lawrence Hauben,Bo Goldman,,855714.0,One Flew Over the Cuckoo's Nest,0.0,108997629.0,   R,0,0,0,0,0,1,0,0,0,0,0,0,0,0,0,0,0,0,0,0,0
80,1987,USA,English, Act III Communications,98.0,16000000.0,30857814.0,Rob Reiner,0,81.0,Cary Elwes,Mandy Patinkin,Robin Wright,,William Goldman,William Goldman,0,369580.0,The Princess Bride,206243271987.0,30877156.0,   PG,1,0,0,0,0,0,0,0,0,0,0,1,1,0,0,0,1,0,0,0,0
81,1957,USA,English, Orion-Nova Productions,96.0,350000.0,0.0,Sidney Lumet,0,89.0,Henry Fonda,Lee J. Cobb,Martin Balsam,,Reginald Rose,Reginald Rose,0,621809.0,12 Angry Men,0.0,576.0,Not Rated,0,0,0,0,0,1,0,0,0,0,0,0,0,0,0,0,0,0,0,0,0
82,2014,Germany,English, Fox Searchlight Pictures,99.0,25000000.0,59301324.0,Wes Anderson,0,81.0,Ralph Fiennes,F. Murray Abraham,Mathieu Amalric,,Stefan Zweig,Wes Anderson,,653036.0,The Grand Budapest Hotel,81116692014.0,172936941.0,   R,1,0,0,1,1,0,0,0,0,0,0,0,0,0,0,0,0,0,0,0,0
83,2013,USA,English, Alcon Entertainment,153.0,46000000.0,61002302.0,Denis Villeneuve,0,81.0,Hugh Jackman,Jake Gyllenhaal,Viola Davis,,Aaron Guzikowski,0,0,545832.0,Prisoners,20817053222013.0,122126687.0,   R,0,0,0,0,1,1,0,0,1,0,0,0,0,0,0,0,0,0,0,1,0
84,2016,Ireland,English, Element Pictures,118.0,13000000.0,14677654.0,Lenny Abrahamson,0,81.0,Brie Larson,Jacob Tremblay,Sean Bridgers,,Emma Donoghue,Emma Donoghue,0,331591.0,Room,118298182015.0,35401758.0,   R,0,0,0,0,0,1,0,0,0,0,0,0,0,0,0,0,0,0,0,1,0
85,2007,USA,English, Paramount Vantage,122.0,25000000.0,74283625.0,Ethan Coen,Joel Coen,81.0,Tommy Lee Jones,Javier Bardem,Josh Brolin,,Joel Coen,Ethan Coen,,789213.0,No Country for Old Men,1202000112007.0,171627166.0,   R,0,0,0,0,1,1,0,0,0,0,0,0,0,0,0,0,0,0,0,1,0
86,2015,USA,English, Pixar Animation Studios,95.0,175000000.0,356461711.0,Pete Docter,Ronnie Del Carmen,82.0,Amy Poehler,Bill Hader,Lewis Black,,Pete Docter,Ronnie Del Carmen,,558844.0,Inside Out,90440272212015.0,857611174.0,   PG,1,1,0,1,0,1,0,0,0,0,0,0,0,0,0,0,0,0,0,0,0
87,1981,USA,English, Paramount Pictures,115.0,18000000.0,248159971.0,Steven Spielberg,0,84.0,Harrison Ford,Karen Allen,Paul Freeman,,Lawrence Kasdan,George Lucas,,833020.0,Raiders of the Lost Ark,8305823141981.0,390133212.0,   PG,1,0,0,0,0,0,0,0,0,0,0,0,0,0,0,0,0,0,0,0,0
88,1992,USA,English, Walt Disney Pictures,90.0,28000000.0,217350219.0,Ron Clements,John Musker,80.0,Scott Weinger,Robin Williams,Linda Larkin,,Ron Clements,John Musker,,340180.0,Aladdin,196664151992.0,504050219.0,   G,1,1,0,1,0,0,0,0,0,0,0,1,0,0,0,0,0,0,0,0,0
89,2003,USA,English, Miramax,111.0,30000000.0,70099045.0,Quentin Tarantino,0,81.0,Uma Thurman,David Carradine,Daryl Hannah,,Quentin Tarantino,Quentin Tarantino,,935485.0,Kill Bill: Vol. 1,22200000122003.0,180899045.0,   R,0,0,0,0,1,0,0,0,0,0,0,0,0,0,0,0,0,0,0,1,0
90,1995,USA,English, Pixar Animation Studios,81.0,30000000.0,222498679.0,John Lasseter,0,83.0,Tom Hanks,Tim Allen,Don Rickles,,John Lasseter,Pete Docter,,826207.0,Toy Story,29140617261995.0,406594102.0,   G,1,1,0,1,0,0,0,0,0,0,0,1,0,0,0,0,0,0,0,0,0
91,1995,USA,English, Icon Entertainment International,178.0,72000000.0,75609945.0,Mel Gibson,0,83.0,Mel Gibson,Sophie Marceau,Patrick McGoohan,,Randall Wallace,0,0,911333.0,Braveheart,9938276281995.0,213216216.0,   R,0,0,1,0,0,1,0,0,0,0,0,0,0,1,0,0,0,0,0,0,1
92,2001,USA,English, Pixar Animation Studios,92.0,115000000.0,289916256.0,Pete Docter,David Silverman,80.0,Billy Crystal,John Goodman,Mary Gibbs,,Pete Docter,Jill Culton,,762998.0,"Monsters, Inc.",6257706742001.0,632316649.0,   G,1,1,0,1,0,0,0,0,0,0,0,1,0,0,0,0,0,0,0,0,0
93,1967,Italy,Italian, Produzioni Europee Associate (PEA),161.0,1200000.0,25100000.0,Sergio Leone,0,88.0,Clint Eastwood,Eli Wallach,Lee Van Cleef,,Luciano Vincenzoni,Sergio Leone,,643341.0,"The Good, the Bad and the Ugly",0.0,25252481.0,   R,0,0,0,0,0,0,0,0,0,1,0,0,0,0,0,0,0,0,0,0,0
94,2002,New Zealand,English, New Line Cinema,179.0,94000000.0,342551365.0,Peter Jackson,0,87.0,Elijah Wood,Ian McKellen,Viggo Mortensen,,J.R.R. Tolkien,Fran Walsh,,1391799.0,The Lord of the Rings: The Two Towers,62007528222002.0,927600630.0,PG-13,1,0,0,0,0,1,0,0,0,0,0,0,1,0,0,0,0,0,0,0,0
95,2011,USA,English, DreamWorks,146.0,25000000.0,169708112.0,Tate Taylor,0,81.0,Emma Stone,Viola Davis,Octavia Spencer,,Tate Taylor,Kathryn Stockett,0,401674.0,The Help,26044590142011.0,216639112.0,PG-13,0,0,0,0,0,1,0,0,0,0,0,0,0,0,0,0,0,0,0,0,0
96,1968,UK,English, Metro-Goldwyn-Mayer (MGM),149.0,12000000.0,60541301.0,Stanley Kubrick,0,83.0,Keir Dullea,Gary Lockwood,William Sylvester,,Stanley Kubrick,Arthur C. Clarke,0,560324.0,2001: A Space Odyssey,202759202018.0,68763373.0,   G,1,0,0,0,0,0,0,0,0,0,0,0,0,0,0,0,0,1,0,0,0
97,2003,Japan,Japanese, Tokuma Shoten,125.0,19000000.0,13750644.0,Hayao Miyazaki,0,86.0,Daveigh Chase,Suzanne Pleshette,Miyu Irino,,Hayao Miyazaki,0,0,579582.0,Spirited Away,449839222002.0,347742810.0,   PG,1,1,0,0,0,0,0,0,0,0,0,1,1,0,0,0,0,0,0,0,0
98,2008,USA,English, Paramount Vantage,158.0,25000000.0,40222514.0,Paul Thomas Anderson,0,82.0,Daniel Day-Lewis,Paul Dano,Ciarán Hinds,,Paul Thomas Anderson,Upton Sinclair,0,477133.0,There Will Be Blood,190739302007.0,76181545.0,   R,0,0,0,0,0,1,0,0,0,0,0,0,0,0,0,0,0,0,0,0,0
99,1995,USA,English, PolyGram Filmed Entertainment,106.0,6000000.0,23341568.0,Bryan Singer,0,85.0,Kevin Spacey,Gabriel Byrne,Chazz Palminteri,,Christopher McQuarrie,0,0,931396.0,The Usual Suspects,645363201995.0,23341568.0,   R,0,0,0,0,1,0,0,0,1,0,0,0,0,0,0,0,0,0,0,1,0
100,2010,USA,English, Walt Disney Pictures,103.0,200000000.0,415004880.0,Lee Unkrich,0,83.0,Tom Hanks,Tim Allen,Joan Cusack,,John Lasseter,Andrew Stanton,,709879.0,Toy Story 3,110307189202010.0,1066969703.0,   G,1,1,0,1,0,0,0,0,0,0,0,1,0,0,0,0,0,0,0,0,0
101,1986,USA,English, Twentieth Century Fox,137.0,18500000.0,85160248.0,James Cameron,0,84.0,Sigourney Weaver,Michael Biehn,Carrie Henn,,James Cameron,David Giler,,616124.0,Aliens,10052042201986.0,131335326.0,   R,1,0,0,0,0,0,0,0,0,0,0,0,0,0,0,0,0,1,0,1,0
102,2002,USA,English, Universal Pictures,135.0,58000000.0,170742341.0,Ron Howard,0,82.0,Russell Crowe,Ed Harris,Jennifer Connelly,,Akiva Goldsman,Sylvia Nasar,0,792528.0,A Beautiful Mind,367151232001.0,316791257.0,PG-13,0,0,1,0,0,1,0,0,0,0,0,0,0,0,0,0,0,0,0,0,0
103,2015,USA,English, Participant,129.0,20000000.0,45055776.0,Tom McCarthy,0,81.0,Mark Ruffalo,Michael Keaton,Rachel McAdams,,Josh Singer,Tom McCarthy,0,380183.0,Spotlight,29500982015.0,98275238.0,   R,0,0,1,0,1,1,0,0,0,0,0,0,0,0,0,0,0,0,0,0,0
104,1956,Japan,Japanese, Toho Company,207.0,125000000.0,318649.0,Akira Kurosawa,0,86.0,Toshirô Mifune,Takashi Shimura,Keiko Tsushima,,Akira Kurosawa,Shinobu Hashimoto,,293359.0,Seven Samurai,15942282002.0,322773.0,Not Rated,1,0,0,0,0,1,0,0,0,0,0,0,0,0,0,0,0,0,0,0,0
105,2003,UK,English, R.P. Productions,150.0,35000000.0,32572577.0,Roman Polanski,0,85.0,Adrien Brody,Thomas Kretschmann,Frank Finlay,,Ronald Harwood,Wladyslaw Szpilman,0,668223.0,The Pianist,111261292002.0,120072577.0,   R,0,0,1,0,0,1,0,0,0,0,0,0,0,0,1,0,0,0,0,0,1
106,1960,USA,English, Shamley Productions,109.0,806947.0,32000000.0,Alfred Hitchcock,0,85.0,Anthony Perkins,Janet Leigh,Vera Miles,,Joseph Stefano,Robert Bloch,0,557382.0,Psycho,0.0,32000000.0,   R,0,0,0,0,0,0,0,1,1,0,0,0,0,0,0,0,0,0,0,1,0
107,1992,USA,English, Warner Bros.,130.0,14400000.0,101157447.0,Clint Eastwood,0,82.0,Clint Eastwood,Gene Hackman,Morgan Freeman,,David Webb Peoples,0,0,350665.0,Unforgiven,1501800791992.0,159157447.0,   R,0,0,0,0,0,1,0,0,0,1,0,0,0,0,0,0,0,0,0,0,0
108,2003,South Korea,Korean, CJ Entertainment,120.0,3000000.0,707481.0,Chan-wook Park,0,84.0,Min-sik Choi,Ji-Tae Yoo,Hye-jeong Kang,,Garon Tsuchiya,Nobuaki Minegishi,,474487.0,Oldboy,68957272005.0,14999673.0,   R,0,0,0,0,0,1,0,0,1,0,0,0,0,0,0,0,0,0,0,1,0
109,2004,USA,English, Focus Features,108.0,20000000.0,34400301.0,Michel Gondry,0,83.0,Jim Carrey,Kate Winslet,Tom Wilkinson,,Charlie Kaufman,Michel Gondry,,847140.0,Eternal Sunshine of the Spotless Mind,8175198212004.0,72258126.0,   R,0,0,0,0,0,1,0,0,0,0,0,0,0,0,0,0,1,1,0,0,0
110,2016,South Korea,Korean, Moho Film,145.0,10000000000.0,2006788.0,Chan-wook Park,0,81.0,Min-hee Kim,Jung-woo Ha,Jin-woong Cho,,Sarah Waters,Seo-kyeong Jeong,,87756.0,The Handmaiden,92129232016.0,37767206.0,Not Rated,0,0,0,0,0,1,0,0,0,0,0,0,0,0,0,0,1,0,0,1,0
111,1960,USA,English, Metro-Goldwyn-Mayer (MGM),212.0,15000000.0,74422622.0,William Wyler,0,81.0,Charlton Heston,Jack Hawkins,Stephen Boyd,,Lew Wallace,Karl Tunberg,0,206236.0,Ben-Hur,241792142019.0,74427638.0,   G,1,0,0,0,0,1,0,0,0,0,0,0,0,1,0,0,0,0,0,0,0
112,1996,UK,English, Channel Four Films,93.0,3500000.0,16491080.0,Danny Boyle,0,81.0,Ewan McGregor,Ewen Bremner,Jonny Lee Miller,,Irvine Welsh,John Hodge,0,603030.0,Trainspotting,262673211996.0,16593356.0,   R,0,0,0,0,0,1,0,0,0,0,0,0,0,0,0,0,0,0,0,0,0
113,2001,USA,English, Newmarket Capital Group,113.0,9000000.0,25544867.0,Christopher Nolan,0,84.0,Guy Pearce,Carrie-Anne Moss,Joe Pantoliano,,Christopher Nolan,Jonathan Nolan,0,1055810.0,Memento,235488182001.0,39723096.0,   R,0,0,0,0,0,0,0,0,1,0,0,0,0,0,0,0,0,0,0,1,0
114,2017,Japan,Japanese, Amuse,106.0,370000000.0,5017246.0,Makoto Shinkai,0,84.0,Ryûnosuke Kamiki,Mone Kamishiraishi,Ryô Narita,,Makoto Shinkai,Makoto Shinkai,,150589.0,Your Name.,181378192017.0,357986087.0,   PG,0,1,0,0,0,1,0,0,0,0,0,0,1,0,0,0,1,0,0,0,0
115,1989,USA,English, Paramount Pictures,127.0,48000000.0,197171806.0,Steven Spielberg,0,82.0,Harrison Ford,Sean Connery,Alison Doody,,Jeffrey Boam,George Lucas,,650773.0,Indiana Jones and the Last Crusade,29355021281989.0,474310887.0,PG-13,1,0,0,0,0,0,0,0,0,0,0,0,0,0,0,0,0,0,0,0,0
116,2007,USA,English, Paramount Vantage,148.0,15000000.0,18354356.0,Sean Penn,0,81.0,Emile Hirsch,Vince Vaughn,Catherine Keener,,Sean Penn,Jon Krakauer,0,536835.0,Into the Wild,212440232007.0,56255142.0,   R,1,0,1,0,0,1,0,0,0,0,0,0,0,0,0,0,0,0,0,0,0
117,2009,USA,English, Pixar Animation Studios,96.0,175000000.0,293004164.0,Pete Docter,Bob Peterson,82.0,Edward Asner,Jordan Nagai,John Ratzenberger,,Pete Docter,Bob Peterson,,872726.0,Up,68108790312009.0,735099082.0,   PG,1,1,0,1,0,0,0,0,0,0,0,1,0,0,0,0,0,0,0,0,0
118,1940,USA,English, Selznick International Pictures,238.0,3977000.0,200852579.0,Victor Fleming,George Cukor,81.0,Clark Gable,Vivien Leigh,Thomas Mitchell,,Margaret Mitchell,Sidney Howard,0,270528.0,Gone with the Wind,1192593281998.0,402352579.0,0,0,0,0,0,0,1,0,0,0,0,0,0,0,1,0,0,1,0,0,0,1
119,1999,USA,English, Hollywood Pictures,107.0,40000000.0,293506292.0,M. Night Shyamalan,0,81.0,Bruce Willis,Haley Joel Osment,Toni Collette,,M. Night Shyamalan,0,0,863941.0,The Sixth Sense,2668126281999.0,672806292.0,PG-13,0,0,0,0,0,1,0,0,1,0,0,0,0,0,0,0,0,0,0,1,0
120,2013,USA,English, Regency Enterprises,134.0,20000000.0,56671993.0,Steve McQueen,0,81.0,Chiwetel Ejiofor,Michael Kenneth Williams,Michael Fassbender,,John Ridley,Solomon Northup,0,594103.0,12 Years a Slave,923715202013.0,187733202.0,   R,0,0,1,0,0,1,0,0,0,0,0,0,0,1,0,0,0,0,0,0,0
121,1999,Italy,Italian, Melampo Cinematografica,116.0,20000000.0,57563264.0,Roberto Benigni,0,86.0,Roberto Benigni,Nicoletta Braschi,Giorgio Cantarini,,Vincenzo Cerami,Roberto Benigni,0,573146.0,Life Is Beautiful,118920251998.0,230098753.0,PG-13,0,0,0,1,0,1,0,0,0,0,0,0,0,0,0,0,1,0,0,0,1
122,2006,USA,English, Warner Bros.,132.0,54000000.0,70511035.0,James McTeigue,0,82.0,Hugo Weaving,Natalie Portman,Rupert Graves,,Lilly Wachowski,Lana Wachowski,,973619.0,V for Vendetta,25642340192006.0,132511035.0,   R,0,0,0,0,0,1,0,0,0,0,0,0,0,0,0,0,0,1,0,1,0
123,1976,USA,English, Chartoff-Winkler Productions,120.0,960000.0,117235147.0,John G. Avildsen,0,81.0,Sylvester Stallone,Talia Shire,Burt Young,,Sylvester Stallone,0,0,486087.0,Rocky,0.0,117235147.0,   PG,0,0,0,0,0,1,0,0,0,0,0,0,0,0,0,0,0,0,1,0,0
124,2007,Mexico,Spanish, Estudios Picasso,118.0,19000000.0,37634615.0,Guillermo del Toro,0,82.0,Ivana Baquero,Ariadna Gil,Sergi López,,Guillermo del Toro,0,0,585437.0,Pan's Labyrinth,568641312006.0,83258226.0,   R,0,0,0,0,0,1,0,0,0,0,0,0,1,0,0,0,0,0,0,0,1
125,2018,Lebanon,Arabic, Mooz Films,126.0,4000000.0,1661096.0,Nadine Labaki,0,84.0,Zain Al Rafeea,Yordanos Shiferaw,Boluwatife Treasure Bankole,,Nadine Labaki,Jihad Hojeily,,33132.0,Capharnaüm,24988162018.0,64398132.0,   R,0,0,0,0,0,1,0,0,0,0,0,0,0,0,0,0,0,0,0,0,0
126,1996,USA,English, PolyGram Filmed Entertainment,98.0,7000000.0,24611975.0,Joel Coen,Ethan Coen,81.0,William H. Macy,Frances McDormand,Steve Buscemi,,Ethan Coen,Joel Coen,0,576255.0,Fargo,730265101996.0,60611975.0,   R,0,0,0,0,1,1,0,0,0,0,0,0,0,0,0,0,0,0,0,1,0
127,2004,Brazil,Portuguese, O2 Filmes,130.0,3300000.0,7564459.0,Fernando Meirelles,Kátia Lund,86.0,Alexandre Rodrigues,Leandro Firmino,Matheus Nachtergaele,,Paulo Lins,Bráulio Mantovani,0,661166.0,City of God,88292192003.0,30680793.0,   R,0,0,0,0,1,1,0,0,0,0,0,0,0,0,0,0,0,0,0,0,0
128,1982,USA,English, Universal Pictures,109.0,15000000.0,19629760.0,John Carpenter,0,81.0,Kurt Russell,Wilford Brimley,Keith David,,Bill Lancaster,John W. Campbell Jr.,0,343190.0,The Thing,3107897271982.0,19629760.0,   R,0,0,0,0,0,0,0,1,1,0,0,0,0,0,0,0,0,1,0,0,0
129,2003,USA,English, Pixar Animation Studios,100.0,94000000.0,380843261.0,Andrew Stanton,Lee Unkrich,81.0,Albert Brooks,Ellen DeGeneres,Alexander Gould,,Andrew Stanton,Andrew Stanton,,892726.0,Finding Nemo,7025171012003.0,940343261.0,   G,1,1,0,1,0,0,0,0,0,0,0,1,0,0,0,0,0,0,0,0,0
130,2013,UK,English, Exclusive Media Group,123.0,38000000.0,26947624.0,Ron Howard,0,81.0,Daniel Brühl,Chris Hemsworth,Olivia Wilde,,Peter Morgan,0,0,404114.0,Rush,187289222013.0,92006038.0,   R,0,0,1,0,0,1,0,0,0,0,0,0,0,0,0,0,0,0,1,0,0
131,2008,USA,English, FortyFour Studios,98.0,180000000.0,223808164.0,Andrew Stanton,0,84.0,Ben Burtt,Elissa Knight,Jeff Garlin,,Andrew Stanton,Pete Docter,,934690.0,WALL·E,63087526292008.0,521311860.0,   G,1,1,0,0,0,0,0,0,0,0,0,1,0,0,0,0,0,1,0,0,0
132,2011,France,French, Quad Productions,112.0,9500000.0,10198820.0,Olivier Nakache,Éric Toledano,85.0,François Cluzet,Omar Sy,Anne Le Ny,,Olivier Nakache,Philippe Pozzo di Borgo,,701090.0,The Intouchables,103507272012.0,426588510.0,   R,0,0,1,1,0,1,0,0,0,0,0,0,0,0,0,0,0,0,0,0,0
133,1974,USA,English, Paramount Pictures,130.0,6000000.0,29200000.0,Roman Polanski,0,82.0,Jack Nicholson,Faye Dunaway,John Huston,,Robert Towne,0,0,273646.0,Chinatown,0.0,29225935.0,   R,0,0,0,0,0,1,0,0,1,0,0,0,0,0,0,0,0,0,0,1,0
134,1943,USA,English, Warner Bros.,102.0,950000.0,4108411.0,Michael Curtiz,0,85.0,Humphrey Bogart,Ingrid Bergman,Paul Henreid,,Julius J. Epstein,Philip G. Epstein,,489266.0,Casablanca,181494121992.0,4374761.0,   PG,0,0,0,0,0,1,0,0,0,0,0,0,0,0,0,0,1,0,0,0,1
135,1984,USA,English, AMLF,160.0,18000000.0,51973029.0,Milos Forman,0,83.0,F. Murray Abraham,Tom Hulce,Elizabeth Berridge,,Peter Shaffer,Peter Shaffer,0,346448.0,Amadeus,505276231984.0,52066791.0,   R,0,0,1,0,0,1,0,0,0,0,0,0,0,1,1,0,0,0,0,0,0
136,1941,USA,English, RKO Radio Pictures,119.0,839727.0,1585634.0,Orson Welles,0,83.0,Orson Welles,Joseph Cotten,Dorothy Comingore,,Herman J. Mankiewicz,Orson Welles,0,373118.0,Citizen Kane,0.0,1594107.0,   PG,0,0,0,0,0,1,0,0,1,0,0,0,0,0,0,0,0,0,0,0,0
137,2002,France,French, Claudie Ossard Productions,122.0,10000000.0,33225499.0,Jean-Pierre Jeunet,0,83.0,Audrey Tautou,Mathieu Kassovitz,Rufus,,Guillaume Laurant,Jean-Pierre Jeunet,,667358.0,Amélie,13647042001.0,173924742.0,   R,0,0,0,1,0,0,0,0,0,0,0,0,0,0,0,0,1,0,0,0,0
138,1987,USA,English, Hemdale,120.0,6000000.0,138530565.0,Oliver Stone,0,81.0,Charlie Sheen,Tom Berenger,Willem Dafoe,,Oliver Stone,0,0,359864.0,Platoon,241080211986.0,138545632.0,   R,0,0,0,0,0,1,0,0,0,0,0,0,0,0,0,0,0,0,0,0,1
139,2007,Germany,German, Wiedemann & Berg Filmproduktion,137.0,2000000.0,11286112.0,Florian Henckel von Donnersmarck,0,84.0,Ulrich Mühe,Martina Gedeck,Sebastian Koch,,Florian Henckel von Donnersmarck,0,0,333104.0,The Lives of Others,223000112007.0,77356942.0,   R,0,0,0,0,0,1,0,0,1,0,0,0,0,0,0,0,0,0,0,1,0
140,2003,South Korea,Korean, CJ Entertainment,131.0,2800000.0,15357.0,Bong Joon Ho,0,81.0,Kang-ho Song,Sang-kyung Kim,Roe-ha Kim,,Bong Joon Ho,Kwang-rim Kim,,108978.0,Memories of Murder,4487172005.0,547456.0,Not Rated,0,0,0,0,1,1,0,0,1,0,0,0,0,0,0,0,0,0,0,0,0
141,1998,UK,English, Summit Entertainment,107.0,960000.0,3753929.0,Guy Ritchie,0,82.0,Jason Flemyng,Dexter Fletcher,Nick Moran,,Guy Ritchie,0,0,504040.0,"Lock, Stock and Two Smoking Barrels",14332171999.0,3753929.0,   R,0,0,0,1,1,0,0,0,0,0,0,0,0,0,0,0,0,0,0,0,0
142,2011,USA,English, Lionsgate,140.0,25000000.0,13657115.0,Gavin O'Connor,0,82.0,Tom Hardy,Nick Nolte,Joel Edgerton,,Gavin O'Connor,Anthony Tambakis,,412211.0,Warrior,5242107112011.0,23057115.0,PG-13,0,0,0,0,0,1,0,0,0,0,0,0,0,0,0,0,0,0,1,0,0
143,1998,USA,English, Paramount Pictures,103.0,60000000.0,125618201.0,Peter Weir,0,81.0,Jim Carrey,Ed Harris,Laura Linney,,Andrew Niccol,0,0,864417.0,The Truman Show,3154212171998.0,264118201.0,   PG,0,0,0,1,0,1,0,0,0,0,0,0,0,0,0,0,0,1,0,0,0
144,1980,Soviet Union,Russian, Mosfilm,162.0,6000000.0,292049.0,Andrei Tarkovsky,0,82.0,Alisa Freyndlikh,Aleksandr Kaydanovskiy,Anatoliy Solonitsyn,,Arkadiy Strugatskiy,Boris Strugatskiy,,102704.0,Stalker,11537152002.0,303806.0,Not Rated,0,0,0,0,0,1,0,0,0,0,0,0,0,0,0,0,0,1,0,0,0
145,1954,USA,English, Alfred J. Hitchcock Productions,112.0,1000000.0,36764313.0,Alfred Hitchcock,0,84.0,James Stewart,Grace Kelly,Wendell Corey,,John Michael Hayes,Cornell Woolrich,0,411944.0,Rear Window,0.0,37032034.0,   PG,0,0,0,0,0,0,0,0,1,0,0,0,0,0,0,0,0,0,0,1,0
146,2010,USA,English, DreamWorks Animation,98.0,165000000.0,217581231.0,Dean DeBlois,Chris Sanders,81.0,Jay Baruchel,Gerard Butler,Christopher Mintz-Plasse,,William Davies,Dean DeBlois,,627365.0,How to Train Your Dragon,43732319282010.0,494878759.0,   PG,1,1,0,0,0,0,0,0,0,0,1,1,0,0,0,0,0,0,0,0,0
147,1958,USA,English, Alfred J. Hitchcock Productions,128.0,2479000.0,7705225.0,Alfred Hitchcock,0,83.0,James Stewart,Kim Novak,Barbara Bel Geddes,,Alec Coppel,Samuel A. Taylor,,332274.0,Vertigo,252880182018.0,7796389.0,   PG,0,0,0,0,0,0,0,0,1,0,0,0,0,0,0,0,1,0,0,1,0
148,2013,Denmark,Danish, Danmarks Radio (DR),115.0,3800000.0,613308.0,Thomas Vinterberg,0,83.0,Mads Mikkelsen,Thomas Bo Larsen,Annika Wedderkopp,,Tobias Lindholm,Thomas Vinterberg,0,252220.0,The Hunt,43045142013.0,16742257.0,   R,0,0,0,0,0,1,0,0,0,0,0,0,0,0,0,0,0,0,0,0,0
149,1989,USA,English, Touchstone Pictures,128.0,16400000.0,95860116.0,Peter Weir,0,81.0,Robin Williams,Robert Sean Leonard,Ethan Hawke,,Tom Schulman,0,0,385125.0,Dead Poets Society,34045641989.0,235860116.0,   PG,0,0,0,1,0,1,0,0,0,0,0,0,0,0,0,0,0,0,0,0,0
150,2009,India,Hindi, Vinod Chopra Productions,170.0,550000000.0,6532874.0,Rajkumar Hirani,0,84.0,Aamir Khan,Madhavan,Mona Singh,,Rajkumar Hirani,Abhijat Joshi,,312320.0,3 Idiots,1645502272009.0,10741063.0,PG-13,0,0,0,1,0,1,0,0,0,0,0,0,0,0,0,0,0,0,0,0,0
151,1962,UK,English, Horizon Pictures (II),187.0,15000000.0,45306425.0,David Lean,0,83.0,Peter O'Toole,Alec Guinness,Anthony Quinn,,T.E. Lawrence,Robert Bolt,,249832.0,Lawrence of Arabia,20846222002.0,45710874.0,0,1,0,1,0,0,1,0,0,0,0,0,0,0,1,0,0,0,0,0,0,0
152,2005,USA,English, Warner Bros.,132.0,30000000.0,100492203.0,Clint Eastwood,0,81.0,Hilary Swank,Clint Eastwood,Morgan Freeman,,Paul Haggis,F.X. Toole,0,599574.0,Million Dollar Baby,179953192004.0,216763646.0,PG-13,0,0,0,0,0,1,0,0,0,0,0,0,0,0,0,0,0,0,1,0,0
153,2009,Germany,English, Matten Productions,116.0,33000000.0,148095302.0,Clint Eastwood,0,81.0,Clint Eastwood,Bee Vang,Christopher Carley,,Nick Schenk,Dave Johannson,,684342.0,Gran Torino,271720142008.0,269958228.0,   R,0,0,0,0,0,1,0,0,0,0,0,0,0,0,0,0,0,0,0,0,0
154,1997,USA,English, Regency Enterprises,138.0,35000000.0,64616940.0,Curtis Hanson,0,82.0,Kevin Spacey,Russell Crowe,Guy Pearce,,James Ellroy,Brian Helgeland,,504250.0,L.A. Confidential,5211198211997.0,126216940.0,   R,0,0,0,0,1,1,0,0,1,0,0,0,0,0,0,0,0,0,0,1,0
155,1975,UK,English, Python (Monty) Pictures,91.0,229575.0,1827696.0,Terry Gilliam,Terry Jones,82.0,Graham Chapman,John Cleese,Eric Idle,,Graham Chapman,John Cleese,,473532.0,Monty Python and the Holy Grail,45487172001.0,1938877.0,   PG,1,0,0,1,0,0,0,0,0,0,0,0,1,0,0,0,0,0,0,0,0
156,2005,Japan,Japanese, Buena Vista Home Entertainment,119.0,24000000.0,5576743.0,Hayao Miyazaki,0,82.0,Chieko Baishô,Takuya Kimura,Tatsuya Gashûin,,Hayao Miyazaki,Diana Wynne Jones,0,292804.0,Howl's Moving Castle,427987122005.0,236049757.0,   PG,1,1,0,0,0,0,0,0,0,0,0,1,1,0,0,0,0,0,0,0,0
157,1963,USA,English, The Mirisch Company,172.0,4000000.0,0.0,John Sturges,0,82.0,Steve McQueen,James Garner,Richard Attenborough,,Paul Brickhill,James Clavell,,210089.0,The Great Escape,0.0,227940.0,Not Rated,1,0,0,0,0,1,0,0,0,0,0,0,0,1,0,0,0,0,0,1,0
158,1964,UK,English, Columbia Pictures,95.0,1800000.0,9440272.0,Stanley Kubrick,0,84.0,Peter Sellers,George C. Scott,Sterling Hayden,,Stanley Kubrick,Terry Southern,,425195.0,Dr. Strangelove or: How I Learned to Stop Worrying and Love the Bomb,11751171994.0,9443876.0,   PG,0,0,0,1,0,0,0,0,0,0,0,0,0,0,0,0,0,0,0,0,0
159,1959,USA,English, Ashton Productions,121.0,2883848.0,0.0,Billy Wilder,0,82.0,Marilyn Monroe,Tony Curtis,Jack Lemmon,,Billy Wilder,I.A.L. Diamond,,227334.0,Some Like It Hot,0.0,83169282.0,Not Rated,0,0,0,1,0,0,0,0,0,0,0,0,0,0,1,0,1,0,0,0,0
160,2016,India,Hindi, Aamir Khan Productions,161.0,700000000.0,12391761.0,Nitesh Tiwari,0,84.0,Aamir Khan,Sakshi Tanwar,Fatima Sana Shaikh,,Piyush Gupta,Shreyas Jain,,132752.0,Dangal,3248481252016.0,302895451.0,Not Rated,0,0,1,0,0,1,0,0,0,0,0,0,0,0,0,0,0,0,1,0,0
161,1967,Italy,Italian, Produzioni Europee Associate (PEA),132.0,600000.0,15000000.0,Sergio Leone,0,83.0,Clint Eastwood,Lee Van Cleef,Gian Maria Volontè,,Sergio Leone,Fulvio Morsella,,214082.0,For a Few Dollars More,0.0,15000000.0,   R,0,0,0,0,0,0,0,0,0,1,0,0,0,0,0,0,0,0,0,0,0
162,1989,Japan,Japanese, Shinchosha Company,89.0,3700000.0,516962.0,Isao Takahata,0,85.0,Tsutomu Tatsumi,Ayano Shiraishi,Akemi Yamaguchi,,Akiyuki Nosaka,Isao Takahata,0,207259.0,Grave of the Fireflies,158101122018.0,516962.0,Not Rated,0,1,0,0,0,1,0,0,0,0,0,0,0,0,0,0,0,0,0,0,1
163,1967,USA,English, Jalem Productions,127.0,3200000.0,0.0,Stuart Rosenberg,0,81.0,Paul Newman,George Kennedy,Strother Martin,,Donn Pearce,Frank Pierson,,152360.0,Cool Hand Luke,0.0,0.0,   G,0,0,0,0,1,1,0,0,0,0,0,0,0,0,0,0,0,0,0,0,0
164,2011,Canada,French, micro_scope,131.0,6800000.0,2071334.0,Denis Villeneuve,0,83.0,Lubna Azabal,Mélissa Désormeaux-Poulin,Maxim Gaudette,,Denis Villeneuve,Wajdi Mouawad,,130086.0,Incendies,50679242011.0,3548768.0,   R,0,0,0,0,0,1,0,0,1,0,0,0,0,0,0,0,0,0,0,0,1
165,1927,Germany,German, Universum Film (UFA),153.0,6000000.0,1236166.0,Fritz Lang,0,83.0,Brigitte Helm,Alfred Abel,Gustav Fröhlich,,Thea von Harbou,Thea von Harbou,0,148997.0,Metropolis,19386142002.0,1349711.0,Not Rated,0,0,0,0,0,1,0,0,0,0,0,0,0,0,0,0,0,1,0,0,0
166,2005,Germany,German, Constantin Film,156.0,13500000.0,5509040.0,Oliver Hirschbiegel,0,82.0,Bruno Ganz,Alexandra Maria Lara,Ulrich Matthes,,Bernd Eichinger,Joachim Fest,,312979.0,Downfall,18195202005.0,92181574.0,   R,0,0,1,0,0,1,0,0,0,0,0,0,0,1,0,0,0,0,0,0,1
167,1963,USA,English, Pakula-Mulligan,129.0,2000000.0,592237.0,Robert Mulligan,0,83.0,Gregory Peck,John Megna,Frank Overton,,Harper Lee,Horton Foote,0,279000.0,To Kill a Mockingbird,357549242019.0,599146.0,Not Rated,0,0,0,0,1,1,0,0,0,0,0,0,0,0,0,0,0,0,0,0,0
168,1997,Japan,Japanese, DENTSU Music And Entertainment,134.0,2400000000.0,4845631.0,Hayao Miyazaki,0,84.0,Yôji Matsuda,Yuriko Ishida,Yûko Tanaka,,Hayao Miyazaki,Neil Gaiman,0,305431.0,Princess Mononoke,144446311999.0,162112497.0,PG-13,1,1,0,0,0,0,0,0,0,0,0,0,1,0,0,0,0,0,0,0,0
169,1995,USA,English, Castle Rock Entertainment,101.0,2500000.0,5535405.0,Richard Linklater,0,81.0,Ethan Hawke,Julie Delpy,Andrea Eckert,,Richard Linklater,Kim Krizan,0,246331.0,Before Sunrise,1423537291995.0,5986708.0,   R,0,0,0,0,0,1,0,0,0,0,0,0,0,0,0,0,1,0,0,0,0
170,1988,Japan,Japanese, Akira Committee Company Ltd.,124.0,1100000000.0,553171.0,Katsuhiro Ôtomo,0,81.0,Mitsuo Iwata,Nozomu Sasaki,Mami Koyama,,Katsuhiro Ôtomo,Izô Hashimoto,,147606.0,Akira,1126311990.0,577594.0,   R,0,1,0,0,0,1,0,0,0,0,1,0,0,0,0,0,0,1,0,0,0
171,2010,Argentina,Spanish, Tornasol Films,129.0,2000000.0,6391436.0,Juan José Campanella,0,82.0,Ricardo Darín,Soledad Villamil,Pablo Rago,,Eduardo Sacheri,Juan José Campanella,,178072.0,The Secret in Their Eyes,167866182010.0,42629597.0,   R,0,0,0,0,0,1,0,0,1,0,0,0,0,0,0,0,1,0,0,1,0
172,1982,West Germany,German, Bavaria Film,149.0,32000000.0,11487676.0,Wolfgang Petersen,0,83.0,Jürgen Prochnow,Herbert Grönemeyer,Klaus Wennemann,,Wolfgang Petersen,Lothar G. Buchheim,0,216699.0,Das Boot,26994141982.0,11487676.0,   R,1,0,0,0,0,1,0,0,0,0,0,0,0,0,0,0,0,0,0,1,1
173,2018,India,Hindi, Matchbox Pictures,139.0,4500000.0,1193046.0,Sriram Raghavan,0,84.0,Ayushmann Khurrana,Tabu,Radhika Apte,,Arijit Biswas,Yogesh Chandekar,,52923.0,Andhadhun,27867772018.0,49391206.0,Not Rated,0,0,0,0,1,0,0,0,0,0,0,0,0,0,0,0,0,0,0,1,0
174,1975,UK,English, Peregrine,185.0,11000000.0,0.0,Stanley Kubrick,0,81.0,Ryan O'Neal,Marisa Berenson,Patrick Magee,,Stanley Kubrick,William Makepeace Thackeray,0,137005.0,Barry Lyndon,0.0,198992.0,   PG,1,0,0,0,0,1,0,0,0,0,0,0,0,1,0,0,0,0,0,0,1
175,1969,USA,English, Campanile Productions,110.0,6000000.0,102308889.0,George Roy Hill,0,80.0,Paul Newman,Robert Redford,Katharine Ross,,William Goldman,0,0,191879.0,Butch Cassidy and the Sundance Kid,0.0,102310639.0,   PG,0,0,1,0,1,1,0,0,0,1,0,0,0,0,0,0,0,0,0,0,0
176,1979,UK,English, HandMade Films,94.0,4000000.0,20206622.0,Terry Jones,0,81.0,Graham Chapman,John Cleese,Michael Palin,,Graham Chapman,John Cleese,,343784.0,Monty Python's Life of Brian,140034191979.0,20714870.0,   R,0,0,0,1,0,0,0,0,0,0,0,0,0,0,0,0,0,0,0,0,0
177,1985,Soviet Union,Belarusian, Belarusfilm,142.0,0.0,0.0,Elem Klimov,0,83.0,Aleksey Kravchenko,Olga Mironova,Liubomiras Laucevicius,,Ales Adamovich,Ales Adamovich,,46146.0,Come and See,0.0,96908.0,Not Rated,0,0,0,0,0,1,0,0,0,0,0,0,0,0,0,0,0,0,0,0,1
178,1959,USA,English, Metro-Goldwyn-Mayer (MGM),136.0,3101000.0,0.0,Alfred Hitchcock,0,83.0,Cary Grant,Eva Marie Saint,James Mason,,Ernest Lehman,0,0,279604.0,North by Northwest,0.0,55597.0,Not Rated,1,0,0,0,0,0,0,0,1,0,0,0,0,0,0,0,0,0,0,1,0
179,1964,Japan,Japanese, Shochiku,133.0,0.0,0.0,Masaki Kobayashi,0,87.0,Tatsuya Nakadai,Akira Ishihama,Shima Iwashita,,Yasuhiko Takiguchi,Shinobu Hashimoto,0,28539.0,Harakiri,0.0,15222.0,Not Rated,0,0,0,0,0,1,0,0,0,0,0,0,0,1,0,0,0,0,0,0,0
180,1952,USA,English, Metro-Goldwyn-Mayer (MGM),103.0,2540800.0,1826108.0,Stanley Donen,Gene Kelly,83.0,Gene Kelly,Donald O'Connor,Debbie Reynolds,,Betty Comden,Adolph Green,0,203373.0,Singin' in the Rain,13643102002.0,1864182.0,   G,0,0,0,1,0,0,0,0,0,0,0,0,0,0,1,1,1,0,0,0,0
181,1980,USA,English, Brooksfilms,124.0,5000000.0,26010864.0,David Lynch,0,81.0,Anthony Hopkins,John Hurt,Anne Bancroft,,Christopher De Vore,Eric Bergren,,205264.0,The Elephant Man,0.0,26010864.0,   PG,0,0,1,0,0,1,0,0,0,0,0,0,0,0,0,0,0,0,0,0,0
182,1990,Italy,Italian, Cristaldifilm,155.0,5000000.0,12397210.0,Giuseppe Tornatore,0,85.0,Philippe Noiret,Enzo Cannavale,Antonella Attili,,Giuseppe Tornatore,Giuseppe Tornatore,,209477.0,Cinema Paradiso,1655241990.0,12645096.0,   R,0,0,0,0,0,1,0,0,0,0,0,0,0,0,0,0,0,0,0,0,0
183,1984,West Germany,English, Road Movies Filmproduktion,145.0,1162000.0,2181987.0,Wim Wenders,0,81.0,Harry Dean Stanton,Nastassja Kinski,Dean Stockwell,,L.M. Kit Carson,Sam Shepard,,78488.0,"Paris, Texas",0.0,2206121.0,   R,0,0,0,0,0,1,0,0,0,0,0,0,0,0,0,0,0,0,0,0,0
184,1949,USA,English, Warner Bros.,114.0,1300000.0,0.0,Raoul Walsh,0,82.0,James Cagney,Virginia Mayo,Edmond O'Brien,,Ivan Goff,Ben Roberts,,26263.0,White Heat,0.0,5534.0,Not Rated,0,0,0,0,1,1,1,0,0,0,0,0,0,0,0,0,0,0,0,0,0
185,2001,Hong Kong,Cantonese, Block 2 Pictures,98.0,0.0,2738980.0,Kar-Wai Wong,0,81.0,Tony Chiu-Wai Leung,Maggie Cheung,Ping Lam Siu,,Kar-Wai Wong,0,0,110392.0,In the Mood for Love,11328042001.0,12854953.0,   PG,0,0,0,0,0,1,0,0,0,0,0,0,0,0,0,0,1,0,0,0,0
186,1990,Japan,Japanese, Tokuma Japan Communications,86.0,3700000.0,2250213.0,Hayao Miyazaki,0,82.0,Hitoshi Takagi,Noriko Hidaka,Chika Sakamoto,,Hayao Miyazaki,0,0,248263.0,My Neighbor Totoro,539245302018.0,30476708.0,   G,0,1,0,0,0,0,0,0,0,0,0,1,1,0,0,0,0,0,0,0,0
187,2011,Iran,Persian, Asghar Farhadi Productions,123.0,500000.0,7099055.0,Asghar Farhadi,0,83.0,Payman Maadi,Leila Hatami,Sareh Bayat,,Asghar Farhadi,0,0,203916.0,A Separation,5948112012.0,19899055.0,PG-13,0,0,0,0,0,1,0,0,0,0,0,0,0,0,0,0,0,0,0,0,0
188,1960,USA,English, The Mirisch Corporation,125.0,3000000.0,0.0,Billy Wilder,0,83.0,Jack Lemmon,Shirley MacLaine,Fred MacMurray,,Billy Wilder,I.A.L. Diamond,0,149603.0,The Apartment,0.0,177066.0,Not Rated,0,0,0,1,0,1,0,0,0,0,0,0,0,0,0,0,1,0,0,0,0
189,2014,Argentina,Spanish, Corner Producciones,122.0,3300000.0,3106530.0,Damián Szifron,0,81.0,Darío Grandinetti,María Marull,Mónica Villa,,Germán Servidio,Damián Szifron,0,157620.0,Relatos salvajes,85100222015.0,27006530.0,   R,0,0,0,1,0,1,0,0,0,0,0,0,0,0,0,0,0,0,0,1,0
190,2010,UK,English, Stage 6 Films,93.0,16000000.0,0.0,Lasse Hallström,0,81.0,Richard Gere,Joan Allen,Cary-Hiroyuki Tagawa,,Stephen P. Lindsey,Kaneto Shindô,0,231588.0,Hachi: A Dog's Tale,0.0,46672750.0,   G,0,0,0,0,0,1,0,0,0,0,0,1,0,0,0,0,0,0,0,0,0
191,1958,Sweden,Swedish, Svensk Filmindustri (SF),96.0,150000.0,0.0,Ingmar Bergman,0,82.0,Max von Sydow,Gunnar Björnstrand,Bengt Ekerot,,Ingmar Bergman,Ingmar Bergman,0,148449.0,The Seventh Seal,0.0,230571.0,Not Rated,0,0,0,0,0,1,0,0,0,0,0,0,1,0,0,0,0,0,0,0,0
192,1973,USA,English, Zanuck/Brown Productions,129.0,5500000.0,156000000.0,George Roy Hill,0,83.0,Paul Newman,Robert Redford,Robert Shaw,,David S. Ward,0,0,226425.0,The Sting,0.0,156000000.0,   PG,0,0,0,1,1,1,0,0,0,0,0,0,0,0,0,0,0,0,0,0,0
193,1950,USA,English, Paramount Pictures,110.0,1752000.0,299645.0,Billy Wilder,0,84.0,William Holden,Gloria Swanson,Erich von Stroheim,,Charles Brackett,Billy Wilder,,185514.0,Sunset Blvd.,169067132018.0,299645.0,Not Rated,0,0,0,0,0,1,1,0,0,0,0,0,0,0,0,0,0,0,0,0,0
194,2004,USA,English, Warner Independent Pictures (WIP),80.0,2700000.0,5820649.0,Richard Linklater,0,80.0,Ethan Hawke,Julie Delpy,Vernon Dobtcheff,,Richard Linklater,Julie Delpy,,215363.0,Before Sunset,21942542004.0,15622722.0,   R,0,0,0,0,0,1,0,0,0,0,0,0,0,0,0,0,1,0,0,0,0
195,1967,Italy,French, Casbah Film,121.0,800000.0,879794.0,Gillo Pontecorvo,0,81.0,Brahim Hadjadj,Jean Martin,Yacef Saadi,,Franco Solinas,Franco Solinas,,48655.0,The Battle of Algiers,64870112004.0,964028.0,Not Rated,0,0,0,0,0,1,0,0,0,0,0,0,0,0,0,0,0,0,0,0,1
196,1957,USA,English, Bryna Productions,88.0,935000.0,0.0,Stanley Kubrick,0,84.0,Kirk Douglas,Ralph Meeker,Adolphe Menjou,,Stanley Kubrick,Calder Willingham,,162531.0,Paths of Glory,0.0,5252.0,Not Rated,0,0,0,0,0,1,0,0,0,0,0,0,0,0,0,0,0,0,0,0,1
197,1994,Ireland,English, Hell's Kitchen Films,133.0,13000000.0,25096862.0,Jim Sheridan,0,81.0,Daniel Day-Lewis,Pete Postlethwaite,Alison Crosbie,,Gerry Conlon,Terry George,,145433.0,In the Name of the Father,10980521994.0,65796862.0,   R,0,0,1,0,0,1,0,0,0,0,0,0,0,0,0,0,0,0,0,0,0
198,1931,Germany,German, Nero-Film AG,117.0,0.0,35566.0,Fritz Lang,0,83.0,Peter Lorre,Ellen Widmann,Inge Landgut,,Thea von Harbou,Fritz Lang,0,132541.0,M,6123172013.0,35566.0,Not Rated,0,0,0,0,1,0,0,0,1,0,0,0,0,0,0,0,0,0,0,1,0
199,2014,India,Hindi, Rajkumar Hirani Films,153.0,0.0,10616104.0,Rajkumar Hirani,0,81.0,Aamir Khan,Anushka Sharma,Sanjay Dutt,,Rajkumar Hirani,Abhijat Joshi,0,144742.0,PK,3565258212014.0,100370104.0,Not Rated,0,0,0,1,0,1,0,0,0,0,0,0,1,0,0,0,0,0,0,0,0
200,1940,USA,English, Selznick International Pictures,130.0,1288000.0,0.0,Alfred Hitchcock,0,81.0,Laurence Olivier,Joan Fontaine,George Sanders,,Daphne Du Maurier,Robert E. Sherwood,,113805.0,Rebecca,0.0,72275.0,Not Rated,0,0,0,0,0,1,0,0,1,0,0,0,0,0,0,0,1,0,0,1,0
201,2005,UK,English, United Artists,121.0,17500000.0,23530892.0,Terry George,0,81.0,Don Cheadle,Sophie Okonedo,Joaquin Phoenix,,Keir Pearson,Terry George,0,319367.0,Hotel Rwanda,100091262004.0,33882243.0,PG-13,0,0,1,0,0,1,0,0,0,0,0,0,0,1,0,0,0,0,0,0,1
202,1954,USA,English, Horizon Pictures,108.0,910000.0,0.0,Elia Kazan,0,81.0,Marlon Brando,Karl Malden,Lee J. Cobb,,Budd Schulberg,Budd Schulberg,,132174.0,On the Waterfront,0.0,0.0,Not Rated,0,0,0,0,1,1,0,0,0,0,0,0,0,0,0,0,0,0,0,1,0
203,1950,USA,English, Twentieth Century Fox,138.0,1400000.0,63463.0,Joseph L. Mankiewicz,0,82.0,Bette Davis,Anne Baxter,George Sanders,,Joseph L. Mankiewicz,0,0,112546.0,All About Eve,1017782000.0,150438.0,0,0,0,0,0,0,1,0,0,0,0,0,0,0,0,0,0,0,0,0,0,0
204,2002,Hong Kong,Cantonese, Media Asia Films,101.0,6428966.0,169659.0,Andrew Lau,Alan Mak,81.0,Andy Lau,Tony Chiu-Wai Leung,Anthony Chau-Sang Wong,,Alan Mak,Felix Chong,0,113521.0,Infernal Affairs,25680262004.0,8836958.0,   R,0,0,0,0,1,1,0,0,1,0,0,0,0,0,0,0,0,0,0,1,0
205,1996,France,French, Canal+,98.0,2590000.0,280859.0,Mathieu Kassovitz,0,81.0,Vincent Cassel,Hubert Koundé,Saïd Taghmaoui,,Mathieu Kassovitz,0,0,135799.0,La Haine,0.0,280859.0,Not Rated,0,0,0,0,1,1,0,0,0,0,0,0,0,0,0,0,0,0,0,0,0
206,1976,USA,English, Metro-Goldwyn-Mayer (MGM),121.0,3800000.0,23689877.0,Sidney Lumet,0,81.0,Faye Dunaway,William Holden,Peter Finch,,Paddy Chayefsky,0,0,135434.0,Network,0.0,23689877.0,   R,0,0,0,0,0,1,0,0,0,0,0,0,0,0,0,0,0,0,0,0,0
207,1985,Japan,Japanese, Greenwich Film Productions,162.0,11500000.0,4135750.0,Akira Kurosawa,0,82.0,Tatsuya Nakadai,Akira Terao,Jinpachi Nezu,,Akira Kurosawa,Hideo Oguni,,102617.0,Ran,356722000.0,4160924.0,   R,0,0,0,0,0,1,0,0,0,0,0,0,0,0,0,0,0,0,0,0,0
208,2001,Mexico,Spanish, Altavista Films,154.0,2000000.0,5408467.0,Alejandro G. Iñárritu,0,81.0,Emilio Echevarría,Gael García Bernal,Goya Toledo,,Guillermo Arriaga,0,0,211212.0,Amores Perros,6104712001.0,20908467.0,   R,0,0,0,0,0,1,0,0,0,0,0,0,0,0,0,0,0,0,0,1,0
209,2007,India,Hindi, Aamir Khan Productions,165.0,0.0,1223869.0,Aamir Khan,Amole Gupte,84.0,Darsheel Safary,Aamir Khan,Tisca Chopra,,Amole Gupte,Amole Gupte,0,149574.0,Taare Zameen Par,352568232007.0,21897373.0,   PG,0,0,0,0,0,1,0,0,0,0,0,1,0,0,0,0,0,0,0,0,0
210,1957,UK,English, Horizon Pictures (II),161.0,3000000.0,27200000.0,David Lean,0,81.0,William Holden,Alec Guinness,Jack Hawkins,,Pierre Boulle,Carl Foreman,,190626.0,The Bridge on the River Kwai,0.0,27200000.0,   PG,1,0,0,0,0,1,0,0,0,0,0,0,0,0,0,0,0,0,0,0,1
211,1949,UK,English, London Film Productions,104.0,0.0,1067364.0,Carol Reed,0,81.0,Orson Welles,Joseph Cotten,Alida Valli,,Graham Greene,Graham Greene,0,149153.0,The Third Man,1357691999.0,1225424.0,Not Rated,0,0,0,0,0,0,1,0,1,0,0,0,0,0,0,0,0,0,0,1,0
212,2012,India,Hindi, Jar Pictures,321.0,184000000.0,0.0,Anurag Kashyap,0,82.0,Manoj Bajpayee,Richa Chadha,Nawazuddin Siddiqui,,Akhilesh Jaiswal,Anurag Kashyap,,72111.0,Gangs of Wasseypur,0.0,4384642.0,Not Rated,0,0,0,1,1,1,0,0,0,0,0,0,0,0,0,0,0,0,0,0,0
213,1967,Sweden,Swedish, American International Pictures (AIP),85.0,0.0,0.0,Ingmar Bergman,0,81.0,Bibi Andersson,Liv Ullmann,Margaretha Krook,,Ingmar Bergman,0,0,90892.0,Persona,0.0,12142.0,Not Rated,0,0,0,0,0,1,0,0,0,0,0,0,0,0,0,0,0,0,0,1,0
214,1936,USA,English, Charles Chaplin Productions,87.0,1500000.0,163577.0,Charles Chaplin,0,85.0,Charles Chaplin,Paulette Goddard,Henry Bergman,,Charles Chaplin,0,0,199009.0,Modern Times,35809282003.0,456009.0,   G,0,0,0,1,0,1,0,0,0,0,0,1,0,0,0,0,1,0,0,0,0
215,1958,USA,English, Edward Small Productions,116.0,3000000.0,0.0,Billy Wilder,0,84.0,Tyrone Power,Marlene Dietrich,Charles Laughton,,Agatha Christie,Billy Wilder,,96901.0,Witness for the Prosecution,0.0,7693.0,Not Rated,0,0,0,0,1,1,1,0,1,0,0,0,0,0,0,0,0,0,0,0,0
216,1941,USA,English, Charles Chaplin Productions,125.0,2000000.0,0.0,Charles Chaplin,0,85.0,Charles Chaplin,Paulette Goddard,Jack Oakie,,Charles Chaplin,0,0,187390.0,The Great Dictator,0.0,968897.0,0,0,0,0,1,0,1,0,0,0,0,0,0,0,0,0,0,0,0,0,0,1
217,1951,Japan,Japanese, Daiei Motion Picture Company,88.0,250000.0,46808.0,Akira Kurosawa,0,82.0,Toshirô Mifune,Machiko Kyô,Masayuki Mori,,Ryûnosuke Akutagawa,Akira Kurosawa,,140103.0,Rashômon,15942282002.0,46808.0,Not Rated,0,0,0,0,1,1,0,0,1,0,0,0,0,0,0,0,0,0,0,0,0
218,1987,Japan,Japanese, Nibariki,117.0,1000000.0,495770.0,Hayao Miyazaki,0,81.0,Sumi Shimamoto,Mahito Tsujimura,Hisako Kyôda,,Hayao Miyazaki,Hayao Miyazaki,,132413.0,Nausicaä of the Valley of the Wind,0.0,2340981.0,   PG,1,1,0,0,0,0,0,0,0,0,0,0,1,0,0,0,0,1,0,0,0
219,1991,Japan,Japanese, Nibariki,125.0,0.0,523664.0,Hayao Miyazaki,0,80.0,Anna Paquin,James Van Der Beek,Cloris Leachman,,Hayao Miyazaki,0,0,132216.0,Castle in the Sky,197172182018.0,6037660.0,   PG,1,1,0,0,0,1,0,0,0,0,0,1,0,0,0,0,0,0,0,0,0
220,1948,UK,English, The Archers,135.0,500000.0,0.0,Michael Powell,Emeric Pressburger,82.0,Anton Walbrook,Marius Goring,Moira Shearer,,Hans Christian Andersen,Emeric Pressburger,,26548.0,The Red Shoes,0.0,30165.0,Not Rated,0,0,0,0,0,1,0,0,0,0,0,0,0,0,1,0,1,0,0,0,0
221,1973,Soviet Union,Russian, Mosfilm,165.0,1000000.0,124189.0,Andrei Tarkovsky,0,82.0,Anatoliy Solonitsyn,Ivan Lapikov,Nikolay Grinko,,Andrey Konchalovskiy,Andrei Tarkovsky,0,41000.0,Andrei Rublev,11537152002.0,145491.0,   R,0,0,1,0,0,1,0,0,0,0,0,0,0,1,0,0,0,0,0,0,0
222,1948,USA,English, Warner Bros.,126.0,3000000.0,215295.0,John Huston,0,82.0,Humphrey Bogart,Walter Huston,Tim Holt,,John Huston,B. Traven,0,106451.0,The Treasure of the Sierra Madre,144074142018.0,215295.0,0,1,0,0,0,0,1,0,0,0,1,0,0,0,0,0,0,0,0,0,0,0
223,1944,USA,English, Paramount Pictures,107.0,927262.0,0.0,Billy Wilder,0,83.0,Fred MacMurray,Barbara Stanwyck,Edward G. Robinson,,Billy Wilder,Raymond Chandler,,132488.0,Double Indemnity,0.0,13886.0,0,0,0,0,0,1,1,1,0,1,0,0,0,0,0,0,0,0,0,0,0,0
224,1939,USA,English, Columbia Pictures,129.0,1900000.0,144738.0,Frank Capra,0,81.0,James Stewart,Jean Arthur,Claude Rains,,Sidney Buchman,Lewis R. Foster,0,100495.0,Mr. Smith Goes to Washington,83205142018.0,144738.0,Not Rated,0,0,0,1,0,1,0,0,0,0,0,0,0,0,0,0,0,0,0,0,0
225,1959,France,French, Les Films du Carrosse,99.0,0.0,509.0,François Truffaut,0,81.0,Jean-Pierre Léaud,Albert Rémy,Claire Maurier,,François Truffaut,Marcel Moussy,,95399.0,The 400 Blows,11206251999.0,127244.0,Not Rated,0,0,0,0,1,1,0,0,0,0,0,0,0,0,0,0,0,0,0,0,0
226,2009,Australia,English, Melodrama Pictures,92.0,8240000.0,0.0,Adam Elliot,0,81.0,Toni Collette,Philip Seymour Hoffman,Eric Bana,,Adam Elliot,0,0,154746.0,Mary and Max,0.0,1725381.0,Not Rated,0,1,0,1,0,1,0,0,0,0,0,0,0,0,0,0,0,0,0,0,0
227,1954,USA,English, Warner Bros.,105.0,1400000.0,12562.0,Alfred Hitchcock,0,82.0,Ray Milland,Grace Kelly,Robert Cummings,,Frederick Knott,Frederick Knott,0,144812.0,Dial M for Murder,12562111999.0,18816.0,   PG,0,0,0,0,1,0,0,0,0,0,0,0,0,0,0,0,0,0,0,1,0
228,1931,USA,English, Charles Chaplin Productions,87.0,1500000.0,19181.0,Charles Chaplin,0,85.0,Charles Chaplin,Virginia Cherrill,Florence Lee,,Charles Chaplin,0,0,153361.0,City Lights,910282007.0,41792.0,   G,0,0,0,1,0,1,0,0,0,0,0,0,0,0,0,0,1,0,0,0,0
229,1949,Italy,Italian, Produzioni De Sica (PDS),89.0,133000.0,371111.0,Vittorio De Sica,0,83.0,Lamberto Maggiorani,Enzo Staiola,Lianella Carell,,Cesare Zavattini,Luigi Bartolini,,132859.0,Bicycle Thieves,2537741998.0,428978.0,Not Rated,0,0,0,0,0,1,0,0,0,0,0,0,0,0,0,0,0,0,0,0,0
230,1961,USA,English, Roxlom Films Inc.,179.0,3000000.0,0.0,Stanley Kramer,0,82.0,Spencer Tracy,Burt Lancaster,Richard Widmark,,Abby Mann,Abby Mann,0,63804.0,Judgment at Nuremberg,0.0,3100.0,Not Rated,0,0,0,0,0,1,0,0,0,0,0,0,0,0,0,0,0,0,0,0,1
231,2001,India,Hindi, Aamir Khan Productions,224.0,6000000.0,909043.0,Ashutosh Gowariker,0,81.0,Aamir Khan,Raghuvir Yadav,Gracy Singh,,Ashutosh Gowariker,Ashutosh Gowariker,,96260.0,Lagaan: Once Upon a Time in India,285368172001.0,1724806.0,   PG,1,0,0,0,0,1,0,0,0,0,0,0,0,0,1,1,0,0,1,0,0
232,1956,Japan,Japanese, Toho Company,143.0,0.0,60239.0,Akira Kurosawa,0,83.0,Takashi Shimura,Nobuo Kaneko,Shin'ichi Himori,,Akira Kurosawa,Shinobu Hashimoto,,60927.0,Ikiru,2149292002.0,90773.0,Not Rated,0,0,0,0,0,1,0,0,0,0,0,0,0,0,0,0,0,0,0,0,0
233,1961,Japan,Japanese, Kurosawa Production Co.,110.0,0.0,46808.0,Akira Kurosawa,0,82.0,Toshirô Mifune,Eijirô Tôno,Tatsuya Nakadai,,Akira Kurosawa,Akira Kurosawa,,101634.0,Yojimbo,15942282002.0,46808.0,Not Rated,0,0,0,0,0,1,0,0,0,0,0,0,0,0,0,0,0,0,0,1,0
234,1934,USA,English, Columbia Pictures,105.0,325000.0,0.0,Frank Capra,0,81.0,Clark Gable,Claudette Colbert,Walter Connolly,,Robert Riskin,Samuel Hopkins Adams,0,87032.0,It Happened One Night,0.0,0.0,Not Rated,0,0,0,1,0,0,0,0,0,0,0,0,0,0,0,0,1,0,0,0,0
235,1999,Iran,Persian, Kanun parvaresh fekri,89.0,180000.0,933933.0,Majid Majidi,0,83.0,Mohammad Amir Naji,Amir Farrokh Hashemian,Bahare Seddiqi,,Majid Majidi,0,0,56890.0,Children of Heaven,20100241999.0,933933.0,   PG,0,0,0,0,0,1,0,0,0,0,0,1,0,0,0,0,0,0,1,0,0
236,1959,Sweden,Swedish, Svensk Filmindustri (SF),91.0,0.0,0.0,Ingmar Bergman,0,82.0,Victor Sjöström,Bibi Andersson,Ingrid Thulin,,Ingmar Bergman,0,0,87045.0,Wild Strawberries,0.0,14524.0,Not Rated,0,0,0,0,0,1,0,0,0,0,0,0,0,0,0,0,1,0,0,0,0
237,1921,USA,English, Charles Chaplin Productions,68.0,250000.0,0.0,Charles Chaplin,0,83.0,Charles Chaplin,Edna Purviance,Jackie Coogan,,Charles Chaplin,0,0,102198.0,The Kid,0.0,26916.0,Not Rated,0,0,0,1,0,1,0,0,0,0,0,1,0,0,0,0,0,0,0,0,0
238,2013,India,Malayalam, Aashirvad Cinemas,0.0,35000000.0,0.0,Jeethu Joseph,0,85.0,Mohanlal,Meena,Asha Sharath,,Saeid Shahi,Jeethu Joseph,0,27390.0,Drishyam,0.0,13076265.0,Not Rated,0,0,0,0,1,1,0,0,0,0,0,0,0,0,0,0,0,0,0,1,0
239,1972,Japan,Japanese, Shochiku,136.0,0.0,0.0,Yasujirô Ozu,0,82.0,Chishû Ryû,Chieko Higashiyama,Sô Yamamura,,Kôgo Noda,Yasujirô Ozu,0,45960.0,Tokyo Story,0.0,40405.0,Not Rated,0,0,0,0,0,1,0,0,0,0,0,0,0,0,0,0,0,0,0,0,0
240,1928,France,French, Société générale des films,110.0,0.0,21877.0,Carl Theodor Dreyer,0,82.0,Maria Falconetti,Eugene Silvain,André Berley,,Joseph Delteil,Carl Theodor Dreyer,0,42456.0,The Passion of Joan of Arc,6408262017.0,21877.0,Not Rated,0,0,1,0,0,1,0,0,0,0,0,0,0,1,0,0,0,0,0,0,0
241,1996,Turkey,Turkish, Artcam International,128.0,1200000.0,0.0,Yavuz Turgul,0,83.0,Sener Sen,Ugur Yücel,Sermin Hürmeriç,,Yavuz Turgul,0,0,57763.0,The Bandit,0.0,0.0,TV-MA,0,0,0,0,1,1,0,0,0,0,0,0,0,0,0,0,0,0,0,1,0
242,1955,France,French, Compagnie Industrielle et Commerciale Cinématographique (CICC),131.0,0.0,0.0,Henri-Georges Clouzot,0,81.0,Yves Montand,Charles Vanel,Peter van Eyck,,Georges Arnaud,Henri-Georges Clouzot,,49940.0,The Wages of Fear,0.0,1098.0,Not Rated,1,0,0,0,0,1,0,0,0,0,0,0,0,0,0,0,0,0,0,1,0
243,2006,India,Hindi, ROMP,167.0,0.0,2197694.0,Rakeysh Omprakash Mehra,0,82.0,Aamir Khan,Soha Ali Khan,Siddharth,,Renzil D'Silva,Prasoon Joshi,,103503.0,Rang De Basanti,701666292006.0,8846694.0,Not Rated,0,0,0,1,0,1,0,0,0,0,0,0,0,0,0,0,0,0,0,0,0
244,2003,India,Hindi, Vinod Chopra Productions,156.0,0.0,48772.0,Rajkumar Hirani,0,81.0,Sanjay Dutt,Arshad Warsi,Gracy Singh,,Vidhu Vinod Chopra,Rajkumar Hirani,,67667.0,Munna Bhai M.B.B.S.,48772212003.0,3137716.0,Not Rated,0,0,0,1,0,1,0,0,0,0,0,0,0,0,1,1,0,0,0,0,0
245,2005,Turkey,Turkish, Avsar Film,113.0,0.0,0.0,Çagan Irmak,0,83.0,Çetin Tekindor,Fikret Kuskan,Hümeyra,,Çagan Irmak,0,0,71143.0,Babam ve Oglum,0.0,18612999.0,0,0,0,0,0,0,1,0,0,0,0,0,1,0,0,0,0,0,0,0,0,0
246,1951,USA,English, Paramount Pictures,111.0,1800000.0,0.0,Billy Wilder,0,82.0,Kirk Douglas,Jan Sterling,Robert Arthur,,Billy Wilder,Lesser Samuels,,26388.0,Ace in the Hole,0.0,2300000.0,Not Rated,0,0,0,0,0,1,1,0,0,0,0,0,0,0,0,0,0,0,0,0,0
247,1925,USA,English, Charles Chaplin Productions,95.0,923000.0,0.0,Charles Chaplin,0,82.0,Charles Chaplin,Mack Swain,Tom Murray,,Charles Chaplin,0,0,92335.0,The Gold Rush,0.0,26916.0,Not Rated,1,0,0,1,0,1,0,0,0,0,0,1,0,0,0,0,0,0,0,0,0
248,1927,USA,English, Buster Keaton Productions,67.0,750000.0,0.0,Clyde Bruckman,Buster Keaton,81.0,Buster Keaton,Marion Mack,Glen Cavender,,Buster Keaton,Clyde Bruckman,,74070.0,The General,0.0,0.0,0,1,0,0,1,0,1,0,0,0,0,0,0,0,0,0,0,0,0,0,0,0
249,1924,USA,English, Buster Keaton Productions,45.0,0.0,977375.0,Buster Keaton,0,82.0,Buster Keaton,Kathryn McGuire,Joe Keaton,,Jean C. Havez,Joseph A. Mitchell,,35443.0,Sherlock Jr.,0.0,0.0,Not Rated,0,0,0,1,0,0,0,0,0,0,0,0,0,0,0,0,1,0,0,0,0
